SKU;model;brand;product;description;long_description;width;width_unit;depth;depth_unit;height;height_unit;weight;weight_unit;price;sale_price;currency;stock;stock_status;category;tags;EAN;tax_class;shipping_class;product_type;parent_SKU;attribute_1_name;attribute_1_value;attribute_2_name;attribute_2_value;attribute_3_name;attribute_3_value;attribute_4_name;attribute_4_value;attribute_5_name;attribute_5_value;attribute_6_name;attribute_6_value;status;video_url;image;image_2;image_3;datasheet_url;manual_url;technicalmanual_url;drawing_url;catalogue_url;photo_url;card_url;brandcatalogue_url;price_url
CKNPGR5506C;5506C;PIZZAGROUP;Oven Napoli 550 (Electric);Electric oven for Neapolitan pizza with extractor hood and controlled-temperature proofer;"550 is equipped with a microprocessor that manages all the oven's functions. The use of the latest generation electronics allows to have a constant control of the oven chamber temperature, front to back. In addition, thanks to its intelligent heat management system, 550 is able to uniform the temperature inside the cooking chamber to achieve optimal heating uniformity.Max temp 515°C; microprocessor-managed intelligent heat control; full refractory chamber; 5'' touch panel; extractor hood with auto aspiration + LED; controlled-temperature proofer; internal lights 12V; increased insulation; removable chamber door; useful top in food-grade sintered natural stone.";118;cm;172.5;cm;182.5;cm;565;kg;16500.0;;EUR;;;Cooking>Oven>Pizza;Pizzagroup, Pizzeria, Pizza, Oven;;;;simple;;Capacity (pizzas Ø cm);6 x Ø 30/34;Proofer capacity;12 x (60x40 H9 max);Electrical supply;16,4 Kw, 400V, 3N+T, 50 Hz;Hood airflow;662 m3/h;Chamber height;20 cm;Internal surface (LxP cm);75 x 105;active;https://www.youtube.com/watch?v=tAFGmdwCe6Y;https://raw.githubusercontent.com/cooknation/pizzagroup/refs/heads/main/pizzagroup_image_5506C.jpg;https://raw.githubusercontent.com/cooknation/pizzagroup/refs/heads/main/pizzagroup_image_2_5506C.jpg;https://raw.githubusercontent.com/cooknation/pizzagroup/refs/heads/main/pizzagroup_image_3_5506C.jpg;https://raw.githubusercontent.com/cooknation/pizzagroup/refs/heads/main/pizzagroup_datasheet_5506C.pdf;https://raw.githubusercontent.com/cooknation/pizzagroup/refs/heads/main/pizzagroup_manual_5506C.pdf;https://raw.githubusercontent.com/cooknation/pizzagroup/refs/heads/main/pizzagroup_technicalmanual_5506C.pdf;https://raw.githubusercontent.com/cooknation/pizzagroup/refs/heads/main/pizzagroup_drawing_5506C.pdf;https://raw.githubusercontent.com/cooknation/pizzagroup/refs/heads/main/pizzagroup_catalogue_5506C.pdf;https://raw.githubusercontent.com/cooknation/pizzagroup/refs/heads/main/pizzagroup_photo_5506C.jpg;https://raw.githubusercontent.com/cooknation/pizzagroup/refs/heads/main/pizzagroup_card_5506C.pdf;https://raw.githubusercontent.com/cooknation/pizzagroup/refs/heads/main/pizzagroup_brandcatalogue.pdf;https://raw.githubusercontent.com/cooknation/pizzagroup/refs/heads/main/pizzagroup_price.pdf
CKNPGR5509C;5509C;PIZZAGROUP;Oven Napoli 550 (Electric);Electric oven for Neapolitan pizza with extractor hood and controlled-temperature proofer;"550 is equipped with a microprocessor that manages all the oven's functions. The use of the latest generation electronics allows to have a constant control of the oven chamber temperature, front to back. In addition, thanks to its intelligent heat management system, 550 is able to uniform the temperature inside the cooking chamber to achieve optimal heating uniformity.Max temp 515°C; microprocessor-managed intelligent heat control; full refractory chamber; 5'' touch panel; extractor hood with auto aspiration + LED; controlled-temperature proofer; internal lights 12V; increased insulation; removable chamber door; useful top in food-grade sintered natural stone.";153;cm;172.5;cm;182.5;cm;725;kg;19250.0;;EUR;;;Cooking>Oven>Pizza;Pizzagroup, Pizzeria, Pizza, Oven;;;;simple;;Capacity (pizzas Ø cm);9 x Ø 30/34;Proofer capacity;24 x (60x40 H9 max);Electrical supply;23,6 Kw, 400V, 3N+T, 50 Hz;Hood airflow;662 m3/h;Chamber height;20 cm;Internal surface (LxP cm);105 x 105;active;https://www.youtube.com/watch?v=tAFGmdwCe6Y;https://raw.githubusercontent.com/cooknation/pizzagroup/refs/heads/main/pizzagroup_image_5509C.jpg;https://raw.githubusercontent.com/cooknation/pizzagroup/refs/heads/main/pizzagroup_image_2_5509C.jpg;https://raw.githubusercontent.com/cooknation/pizzagroup/refs/heads/main/pizzagroup_image_3_5509C.jpg;https://raw.githubusercontent.com/cooknation/pizzagroup/refs/heads/main/pizzagroup_datasheet_5509C.pdf;https://raw.githubusercontent.com/cooknation/pizzagroup/refs/heads/main/pizzagroup_manual_5509C.pdf;https://raw.githubusercontent.com/cooknation/pizzagroup/refs/heads/main/pizzagroup_technicalmanual_5509C.pdf;https://raw.githubusercontent.com/cooknation/pizzagroup/refs/heads/main/pizzagroup_drawing_5509C.pdf;https://raw.githubusercontent.com/cooknation/pizzagroup/refs/heads/main/pizzagroup_catalogue_5509C.pdf;https://raw.githubusercontent.com/cooknation/pizzagroup/refs/heads/main/pizzagroup_photo_5509C.jpg;https://raw.githubusercontent.com/cooknation/pizzagroup/refs/heads/main/pizzagroup_card_5509C.pdf;https://raw.githubusercontent.com/cooknation/pizzagroup/refs/heads/main/pizzagroup_brandcatalogue.pdf;https://raw.githubusercontent.com/cooknation/pizzagroup/refs/heads/main/pizzagroup_price.pdf
CKNPGRAR300;AR300;PIZZAGROUP;Rounder;Automatic rounder for dough balls;The automatic dividers and rounders are a great help for professionals who require precise yet fast support whilst preparing pizza bases. The equipment divides and rounds the dough, before leaving it to prove. The divider is equipped with: a tank which boasts a maximum capacity of 30 kg of dough and 5 bushings, each with a different diameter (from 4 to 6 cm). Set the desired weight and the measured portions will almost immediately begin to take shape. The rounder produces perfectly round balls, thanks to its Teflon-coated aluminium internal spiral. Available in two sizes, depending on your needs: Model SA300 - which allows for portions ranging from 50 to 300 gr. Model SA800 - which in combination with Model AR 800, allows for portions up to a maximum of 900 gr (or 3 portions of 300 gr each).By combining the two pieces of equipment - a divider and a rounder - pizza makers will save a considerable amount of time, whilst also reducing their manual workload. Power 0.37 kW | 400V 3+T 50Hz | Dimensions 44x56x79 cm | Net weight 55 kg;44;cm;56;cm;79;cm;55;kg;3960;;EUR;;;Preparation> Portioning and Rounding > Rounders;Pizzagroup, Pizzeria, Pizza;;;;simple;;Power;0.37 kW;Voltage;400V 3+T 50Hz;;;;;;;;;active;https://www.youtube.com/watch?v=uxE4v55P3mU;https://raw.githubusercontent.com/cooknation/pizzagroup/refs/heads/main/pizzagroup_image_AR300.jpg;https://raw.githubusercontent.com/cooknation/pizzagroup/refs/heads/main/pizzagroup_image_2_AR300.jpg;https://raw.githubusercontent.com/cooknation/pizzagroup/refs/heads/main/pizzagroup_image_3_AR300.jpg;https://raw.githubusercontent.com/cooknation/pizzagroup/refs/heads/main/pizzagroup_datasheet_AR300.pdf;https://raw.githubusercontent.com/cooknation/pizzagroup/refs/heads/main/pizzagroup_manual_AR300.pdf;https://raw.githubusercontent.com/cooknation/pizzagroup/refs/heads/main/pizzagroup_technicalmanual_AR300.pdf;https://raw.githubusercontent.com/cooknation/pizzagroup/refs/heads/main/pizzagroup_drawing_AR300.pdf;https://raw.githubusercontent.com/cooknation/pizzagroup/refs/heads/main/pizzagroup_catalogue_AR300.pdf;https://raw.githubusercontent.com/cooknation/pizzagroup/refs/heads/main/pizzagroup_photo_AR300.jpg;https://raw.githubusercontent.com/cooknation/pizzagroup/refs/heads/main/pizzagroup_card_AR300.pdf;https://raw.githubusercontent.com/cooknation/pizzagroup/refs/heads/main/pizzagroup_brandcatalogue.pdf;https://raw.githubusercontent.com/cooknation/pizzagroup/refs/heads/main/pizzagroup_price.pdf
CKNPGRAR800;AR800;PIZZAGROUP;Rounder;Automatic rounder for large dough balls;The automatic dividers and rounders are a great help for professionals who require precise yet fast support whilst preparing pizza bases. The equipment divides and rounds the dough, before leaving it to prove. The divider is equipped with: a tank which boasts a maximum capacity of 30 kg of dough and 5 bushings, each with a different diameter (from 4 to 6 cm). Set the desired weight and the measured portions will almost immediately begin to take shape. The rounder produces perfectly round balls, thanks to its Teflon-coated aluminium internal spiral. Available in two sizes, depending on your needs: Model SA300 - which allows for portions ranging from 50 to 300 gr. Model SA800 - which in combination with Model AR 800, allows for portions up to a maximum of 900 gr (or 3 portions of 300 gr each).By combining the two pieces of equipment - a divider and a rounder - pizza makers will save a considerable amount of time, whilst also reducing their manual workload. Power 0.37 kW | 400V 3+T 50Hz | Dimensions 50x61x83 cm | Net weight 86 kg;50;cm;61;cm;83;cm;86;kg;6479;;EUR;;;Preparation> Portioning and Rounding > Rounders;Pizzagroup, Pizzeria, Pizza;;;;simple;;Power;0.37 kW;Voltage;400V 3+T 50Hz;;;;;;;;;active;https://www.youtube.com/watch?v=uxE4v55P3mU;https://raw.githubusercontent.com/cooknation/pizzagroup/refs/heads/main/pizzagroup_image_AR800.jpg;https://raw.githubusercontent.com/cooknation/pizzagroup/refs/heads/main/pizzagroup_image_2_AR800.jpg;https://raw.githubusercontent.com/cooknation/pizzagroup/refs/heads/main/pizzagroup_image_3_AR800.jpg;https://raw.githubusercontent.com/cooknation/pizzagroup/refs/heads/main/pizzagroup_datasheet_AR800.pdf;https://raw.githubusercontent.com/cooknation/pizzagroup/refs/heads/main/pizzagroup_manual_AR800.pdf;https://raw.githubusercontent.com/cooknation/pizzagroup/refs/heads/main/pizzagroup_technicalmanual_AR800.pdf;https://raw.githubusercontent.com/cooknation/pizzagroup/refs/heads/main/pizzagroup_drawing_AR800.pdf;https://raw.githubusercontent.com/cooknation/pizzagroup/refs/heads/main/pizzagroup_catalogue_AR800.pdf;https://raw.githubusercontent.com/cooknation/pizzagroup/refs/heads/main/pizzagroup_photo_AR800.jpg;https://raw.githubusercontent.com/cooknation/pizzagroup/refs/heads/main/pizzagroup_card_AR800.pdf;https://raw.githubusercontent.com/cooknation/pizzagroup/refs/heads/main/pizzagroup_brandcatalogue.pdf;https://raw.githubusercontent.com/cooknation/pizzagroup/refs/heads/main/pizzagroup_price.pdf
CKNPGRCO300;CO300;PIZZAGROUP;Divider + Rounder combo;SA300 + AR300 + SPSA, max 300g portions;The automatic dividers and rounders are a great help for professionals who require precise yet fast support whilst preparing pizza bases. The equipment divides and rounds the dough, before leaving it to prove. The divider is equipped with: a tank which boasts a maximum capacity of 30 kg of dough and 5 bushings, each with a different diameter (from 4 to 6 cm). Set the desired weight and the measured portions will almost immediately begin to take shape. The rounder produces perfectly round balls, thanks to its Teflon-coated aluminium internal spiral. Available in two sizes, depending on your needs: Model SA300 - which allows for portions ranging from 50 to 300 gr. Model SA800 - which in combination with Model AR 800, allows for portions up to a maximum of 900 gr (or 3 portions of 300 gr each).By combining the two pieces of equipment - a divider and a rounder - pizza makers will save a considerable amount of time, whilst also reducing their manual workload. Combination of SA300 divider, AR300 rounder and SPSA stand | Output 340 pcs/h | Bowl capacity 30 kg | Portion range 50–300 g | Power 0.3 / 0.325 kW | 400V 3+T 50Hz;66;cm;88;cm;148;cm;153;kg;12471;;EUR;;;Preparation> Portioning and Rounding;Pizzagroup, Pizzeria, Pizza;;;;simple;;Output/h;340 pcs;Bowl capacity;30 kg;Portion range;50–300 g;Power;0.3 / 0.325 kW;Voltage;400V 3+T 50Hz;;;active;https://raw.githubusercontent.com/cooknation/pizzagroup/refs/heads/main/pizzagroup_video_CO300.mp4;https://raw.githubusercontent.com/cooknation/pizzagroup/refs/heads/main/pizzagroup_image_CO300.jpg;https://raw.githubusercontent.com/cooknation/pizzagroup/refs/heads/main/pizzagroup_image_2_CO300.jpg;https://raw.githubusercontent.com/cooknation/pizzagroup/refs/heads/main/pizzagroup_image_3_CO300.jpg;https://raw.githubusercontent.com/cooknation/pizzagroup/refs/heads/main/pizzagroup_datasheet_CO300.pdf;https://raw.githubusercontent.com/cooknation/pizzagroup/refs/heads/main/pizzagroup_manual_CO300.pdf;https://raw.githubusercontent.com/cooknation/pizzagroup/refs/heads/main/pizzagroup_technicalmanual_CO300.pdf;https://raw.githubusercontent.com/cooknation/pizzagroup/refs/heads/main/pizzagroup_drawing_CO300.pdf;https://raw.githubusercontent.com/cooknation/pizzagroup/refs/heads/main/pizzagroup_catalogue_CO300.pdf;https://raw.githubusercontent.com/cooknation/pizzagroup/refs/heads/main/pizzagroup_photo_CO300.jpg;https://raw.githubusercontent.com/cooknation/pizzagroup/refs/heads/main/pizzagroup_card_CO300.pdf;https://raw.githubusercontent.com/cooknation/pizzagroup/refs/heads/main/pizzagroup_brandcatalogue.pdf;https://raw.githubusercontent.com/cooknation/pizzagroup/refs/heads/main/pizzagroup_price.pdf
CKNPGRCO800;CO800;PIZZAGROUP;Divider + Rounder combo;SA800 + AR800 + SPSA, max 900g portions;The automatic dividers and rounders are a great help for professionals who require precise yet fast support whilst preparing pizza bases. The equipment divides and rounds the dough, before leaving it to prove. The divider is equipped with: a tank which boasts a maximum capacity of 30 kg of dough and 5 bushings, each with a different diameter (from 4 to 6 cm). Set the desired weight and the measured portions will almost immediately begin to take shape. The rounder produces perfectly round balls, thanks to its Teflon-coated aluminium internal spiral. Available in two sizes, depending on your needs: Model SA300 - which allows for portions ranging from 50 to 300 gr. Model SA800 - which in combination with Model AR 800, allows for portions up to a maximum of 900 gr (or 3 portions of 300 gr each).By combining the two pieces of equipment - a divider and a rounder - pizza makers will save a considerable amount of time, whilst also reducing their manual workload. Combination of SA800 divider, AR800 rounder and SPSA stand | Output 340 pcs/h | Bowl capacity 30 kg | Portion range 50–900 g | Power 0.3 / 0.325 kW | 400V 3+T 50Hz;66;cm;88;cm;161;cm;194;kg;16493;;EUR;;;Preparation> Portioning and Rounding;Pizzagroup, Pizzeria, Pizza;;;;simple;;Output/h;340 pcs;Bowl capacity;30 kg;Portion range;50–900 g;Power;0.3 / 0.325 kW;Voltage;400V 3+T 50Hz;;;active;https://raw.githubusercontent.com/cooknation/pizzagroup/refs/heads/main/pizzagroup_video_CO800.mp4;https://raw.githubusercontent.com/cooknation/pizzagroup/refs/heads/main/pizzagroup_image_CO800.jpg;https://raw.githubusercontent.com/cooknation/pizzagroup/refs/heads/main/pizzagroup_image_2_CO800.jpg;https://raw.githubusercontent.com/cooknation/pizzagroup/refs/heads/main/pizzagroup_image_3_CO800.jpg;https://raw.githubusercontent.com/cooknation/pizzagroup/refs/heads/main/pizzagroup_datasheet_CO800.pdf;https://raw.githubusercontent.com/cooknation/pizzagroup/refs/heads/main/pizzagroup_manual_CO800.pdf;https://raw.githubusercontent.com/cooknation/pizzagroup/refs/heads/main/pizzagroup_technicalmanual_CO800.pdf;https://raw.githubusercontent.com/cooknation/pizzagroup/refs/heads/main/pizzagroup_drawing_CO800.pdf;https://raw.githubusercontent.com/cooknation/pizzagroup/refs/heads/main/pizzagroup_catalogue_CO800.pdf;https://raw.githubusercontent.com/cooknation/pizzagroup/refs/heads/main/pizzagroup_photo_CO800.jpg;https://raw.githubusercontent.com/cooknation/pizzagroup/refs/heads/main/pizzagroup_card_CO800.pdf;https://raw.githubusercontent.com/cooknation/pizzagroup/refs/heads/main/pizzagroup_brandcatalogue.pdf;https://raw.githubusercontent.com/cooknation/pizzagroup/refs/heads/main/pizzagroup_price.pdf
CKNPGRFL4;FL4;PIZZAGROUP;Accessory - Flame oven - Frame for stacked ovens;Frame for superimposed ovens (includes 50 cm pipe and chimney). For FLAME ovens;Frame for superimposed ovens (includes 50 cm pipe and chimney). For FLAME ovens;112.0;cm;73.0;cm;8.0;cm;13.0;kg;239.0;;EUR;;;Cooking>Oven>Pizza;Pizzagroup, Pizzeria, Pizza, Oven;;;;simple;;;;;;;;;;;;;;active;https://raw.githubusercontent.com/cooknation/pizzagroup/refs/heads/main/pizzagroup_video_FL4.mp4;https://raw.githubusercontent.com/cooknation/pizzagroup/refs/heads/main/pizzagroup_image_FL4.jpg;https://raw.githubusercontent.com/cooknation/pizzagroup/refs/heads/main/pizzagroup_image_2_FL4.jpg;https://raw.githubusercontent.com/cooknation/pizzagroup/refs/heads/main/pizzagroup_image_3_FL4.jpg;https://raw.githubusercontent.com/cooknation/pizzagroup/refs/heads/main/pizzagroup_datasheet_FL4.pdf;https://raw.githubusercontent.com/cooknation/pizzagroup/refs/heads/main/pizzagroup_manual_FL4.pdf;https://raw.githubusercontent.com/cooknation/pizzagroup/refs/heads/main/pizzagroup_technicalmanual_FL4.pdf;https://raw.githubusercontent.com/cooknation/pizzagroup/refs/heads/main/pizzagroup_drawing_FL4.pdf;https://raw.githubusercontent.com/cooknation/pizzagroup/refs/heads/main/pizzagroup_catalogue_FL4.pdf;https://raw.githubusercontent.com/cooknation/pizzagroup/refs/heads/main/pizzagroup_photo_FL4.jpg;https://raw.githubusercontent.com/cooknation/pizzagroup/refs/heads/main/pizzagroup_card_FL4.pdf;https://raw.githubusercontent.com/cooknation/pizzagroup/refs/heads/main/pizzagroup_brandcatalogue.pdf;https://raw.githubusercontent.com/cooknation/pizzagroup/refs/heads/main/pizzagroup_price.pdf
CKNPGRFL6;FL6;PIZZAGROUP;Accessory - Flame oven - Frame for stacked ovens;Frame for superimposed ovens (includes 50 cm pipe and chimney). For FLAME ovens;Frame for superimposed ovens (includes 50 cm pipe and chimney). For FLAME ovens;112.0;cm;108.0;cm;8.0;cm;15.0;kg;239.0;;EUR;;;Cooking>Oven>Pizza;Pizzagroup, Pizzeria, Pizza, Oven;;;;simple;;;;;;;;;;;;;;active;https://raw.githubusercontent.com/cooknation/pizzagroup/refs/heads/main/pizzagroup_video_FL6.mp4;https://raw.githubusercontent.com/cooknation/pizzagroup/refs/heads/main/pizzagroup_image_FL6.jpg;https://raw.githubusercontent.com/cooknation/pizzagroup/refs/heads/main/pizzagroup_image_2_FL6.jpg;https://raw.githubusercontent.com/cooknation/pizzagroup/refs/heads/main/pizzagroup_image_3_FL6.jpg;https://raw.githubusercontent.com/cooknation/pizzagroup/refs/heads/main/pizzagroup_datasheet_FL6.pdf;https://raw.githubusercontent.com/cooknation/pizzagroup/refs/heads/main/pizzagroup_manual_FL6.pdf;https://raw.githubusercontent.com/cooknation/pizzagroup/refs/heads/main/pizzagroup_technicalmanual_FL6.pdf;https://raw.githubusercontent.com/cooknation/pizzagroup/refs/heads/main/pizzagroup_drawing_FL6.pdf;https://raw.githubusercontent.com/cooknation/pizzagroup/refs/heads/main/pizzagroup_catalogue_FL6.pdf;https://raw.githubusercontent.com/cooknation/pizzagroup/refs/heads/main/pizzagroup_photo_FL6.jpg;https://raw.githubusercontent.com/cooknation/pizzagroup/refs/heads/main/pizzagroup_card_FL6.pdf;https://raw.githubusercontent.com/cooknation/pizzagroup/refs/heads/main/pizzagroup_brandcatalogue.pdf;https://raw.githubusercontent.com/cooknation/pizzagroup/refs/heads/main/pizzagroup_price.pdf
CKNPGRFLAME4;FLAME4;PIZZAGROUP;Gas Pizza Oven;Gas pizza oven - 4 x Ø 30/34 (methane/LPG).;The practical, cost-effective and safe professional gas oven for the pizzeria industry is a very popular model, namely because it is suited to numerous environments. Many a client has opted for it, due to its ease of use and guaranteed energy savings. As a result, Pizza Group wanted to expand the range, by introducing a new family member: the Flame 6L model. Flame is powered by methane or LPG. The combined layout of the burners and Activestone technology provides for uniform cooking throughout the chamber, thus optimising time and energy consumption. The Flame gas oven is certified and tested on an annual basis. Furthermore, unlike similar products, it requires very little in the way of maintenance. It must be installed by qualified personnel.Gas pizza oven (methane/LPG).;113.0;cm;110.0;cm;47.0;cm;132.0;kg;5004.0;;EUR;;;Cooking>Oven>Pizza;Pizzagroup, Pizzeria, Pizza, Oven;;;;simple;;Capacity;4xØ30/34;Gas power (kW);14.0;;;;;;;;;active;https://raw.githubusercontent.com/cooknation/pizzagroup/refs/heads/main/pizzagroup_video_FLAME4.mp4;https://raw.githubusercontent.com/cooknation/pizzagroup/refs/heads/main/pizzagroup_image_FLAME4.jpg;https://raw.githubusercontent.com/cooknation/pizzagroup/refs/heads/main/pizzagroup_image_2_FLAME4.jpg;https://raw.githubusercontent.com/cooknation/pizzagroup/refs/heads/main/pizzagroup_image_3_FLAME4.jpg;https://raw.githubusercontent.com/cooknation/pizzagroup/refs/heads/main/pizzagroup_datasheet_FLAME4.pdf;https://raw.githubusercontent.com/cooknation/pizzagroup/refs/heads/main/pizzagroup_manual_FLAME4.pdf;https://raw.githubusercontent.com/cooknation/pizzagroup/refs/heads/main/pizzagroup_technicalmanual_FLAME4.pdf;https://raw.githubusercontent.com/cooknation/pizzagroup/refs/heads/main/pizzagroup_drawing_FLAME4.pdf;https://raw.githubusercontent.com/cooknation/pizzagroup/refs/heads/main/pizzagroup_catalogue_FLAME4.pdf;https://raw.githubusercontent.com/cooknation/pizzagroup/refs/heads/main/pizzagroup_photo_FLAME4.jpg;https://raw.githubusercontent.com/cooknation/pizzagroup/refs/heads/main/pizzagroup_card_FLAME4.pdf;https://raw.githubusercontent.com/cooknation/pizzagroup/refs/heads/main/pizzagroup_brandcatalogue.pdf;https://raw.githubusercontent.com/cooknation/pizzagroup/refs/heads/main/pizzagroup_price.pdf
CKNPGRFLAME6;FLAME6;PIZZAGROUP;Gas Pizza Oven;Gas pizza oven - 6 x Ø 30/34 (methane/LPG).;The practical, cost-effective and safe professional gas oven for the pizzeria industry is a very popular model, namely because it is suited to numerous environments. Many a client has opted for it, due to its ease of use and guaranteed energy savings. As a result, Pizza Group wanted to expand the range, by introducing a new family member: the Flame 6L model. Flame is powered by methane or LPG. The combined layout of the burners and Activestone technology provides for uniform cooking throughout the chamber, thus optimising time and energy consumption. The Flame gas oven is certified and tested on an annual basis. Furthermore, unlike similar products, it requires very little in the way of maintenance. It must be installed by qualified personnel.Gas pizza oven (methane/LPG).;113.0;cm;150.0;cm;47.0;cm;164.0;kg;5632.0;;EUR;;;Cooking>Oven>Pizza;Pizzagroup, Pizzeria, Pizza, Oven;;;;simple;;Capacity;6xØ30/34;Gas power (kW);20.0;;;;;;;;;active;https://raw.githubusercontent.com/cooknation/pizzagroup/refs/heads/main/pizzagroup_video_FLAME6.mp4;https://raw.githubusercontent.com/cooknation/pizzagroup/refs/heads/main/pizzagroup_image_FLAME6.jpg;https://raw.githubusercontent.com/cooknation/pizzagroup/refs/heads/main/pizzagroup_image_2_FLAME6.jpg;https://raw.githubusercontent.com/cooknation/pizzagroup/refs/heads/main/pizzagroup_image_3_FLAME6.jpg;https://raw.githubusercontent.com/cooknation/pizzagroup/refs/heads/main/pizzagroup_datasheet_FLAME6.pdf;https://raw.githubusercontent.com/cooknation/pizzagroup/refs/heads/main/pizzagroup_manual_FLAME6.pdf;https://raw.githubusercontent.com/cooknation/pizzagroup/refs/heads/main/pizzagroup_technicalmanual_FLAME6.pdf;https://raw.githubusercontent.com/cooknation/pizzagroup/refs/heads/main/pizzagroup_drawing_FLAME6.pdf;https://raw.githubusercontent.com/cooknation/pizzagroup/refs/heads/main/pizzagroup_catalogue_FLAME6.pdf;https://raw.githubusercontent.com/cooknation/pizzagroup/refs/heads/main/pizzagroup_photo_FLAME6.jpg;https://raw.githubusercontent.com/cooknation/pizzagroup/refs/heads/main/pizzagroup_card_FLAME6.pdf;https://raw.githubusercontent.com/cooknation/pizzagroup/refs/heads/main/pizzagroup_brandcatalogue.pdf;https://raw.githubusercontent.com/cooknation/pizzagroup/refs/heads/main/pizzagroup_price.pdf
CKNPGRFLAME6L;FLAME6L;PIZZAGROUP;Gas Pizza Oven;Gas pizza oven - 6 x Ø 30/34(methane/LPG).;The practical, cost-effective and safe professional gas oven for the pizzeria industry is a very popular model, namely because it is suited to numerous environments. Many a client has opted for it, due to its ease of use and guaranteed energy savings. As a result, Pizza Group wanted to expand the range, by introducing a new family member: the Flame 6L model. Flame is powered by methane or LPG. The combined layout of the burners and Activestone technology provides for uniform cooking throughout the chamber, thus optimising time and energy consumption. The Flame gas oven is certified and tested on an annual basis. Furthermore, unlike similar products, it requires very little in the way of maintenance. It must be installed by qualified personnel.Gas pizza oven (methane/LPG).;148.0;cm;110.0;cm;47.0;cm;164.0;kg;5406.0;;EUR;;;Cooking>Oven>Pizza;Pizzagroup, Pizzeria, Pizza, Oven;;;;simple;;Capacity;6xØ30/34;Gas power (kW);21.0;;;;;;;;;active;https://raw.githubusercontent.com/cooknation/pizzagroup/refs/heads/main/pizzagroup_video_FLAME6L.mp4;https://raw.githubusercontent.com/cooknation/pizzagroup/refs/heads/main/pizzagroup_image_FLAME6L.jpg;https://raw.githubusercontent.com/cooknation/pizzagroup/refs/heads/main/pizzagroup_image_2_FLAME6L.jpg;https://raw.githubusercontent.com/cooknation/pizzagroup/refs/heads/main/pizzagroup_image_3_FLAME6L.jpg;https://raw.githubusercontent.com/cooknation/pizzagroup/refs/heads/main/pizzagroup_datasheet_FLAME6L.pdf;https://raw.githubusercontent.com/cooknation/pizzagroup/refs/heads/main/pizzagroup_manual_FLAME6L.pdf;https://raw.githubusercontent.com/cooknation/pizzagroup/refs/heads/main/pizzagroup_technicalmanual_FLAME6L.pdf;https://raw.githubusercontent.com/cooknation/pizzagroup/refs/heads/main/pizzagroup_drawing_FLAME6L.pdf;https://raw.githubusercontent.com/cooknation/pizzagroup/refs/heads/main/pizzagroup_catalogue_FLAME6L.pdf;https://raw.githubusercontent.com/cooknation/pizzagroup/refs/heads/main/pizzagroup_photo_FLAME6L.jpg;https://raw.githubusercontent.com/cooknation/pizzagroup/refs/heads/main/pizzagroup_card_FLAME6L.pdf;https://raw.githubusercontent.com/cooknation/pizzagroup/refs/heads/main/pizzagroup_brandcatalogue.pdf;https://raw.githubusercontent.com/cooknation/pizzagroup/refs/heads/main/pizzagroup_price.pdf
CKNPGRFLAME9;FLAME9;PIZZAGROUP;Gas Pizza Oven;Gas pizza oven - 9 x Ø 30/34(methane/LPG).;The practical, cost-effective and safe professional gas oven for the pizzeria industry is a very popular model, namely because it is suited to numerous environments. Many a client has opted for it, due to its ease of use and guaranteed energy savings. As a result, Pizza Group wanted to expand the range, by introducing a new family member: the Flame 6L model. Flame is powered by methane or LPG. The combined layout of the burners and Activestone technology provides for uniform cooking throughout the chamber, thus optimising time and energy consumption. The Flame gas oven is certified and tested on an annual basis. Furthermore, unlike similar products, it requires very little in the way of maintenance. It must be installed by qualified personnel.Gas pizza oven (methane/LPG).;148.0;cm;150.0;cm;47.0;cm;196.0;kg;6589.0;;EUR;;;Cooking>Oven>Pizza;Pizzagroup, Pizzeria, Pizza, Oven;;;;simple;;Capacity;9xØ30/34;Gas power (kW);29.0;;;;;;;;;active;https://raw.githubusercontent.com/cooknation/pizzagroup/refs/heads/main/pizzagroup_video_FLAME9.mp4;https://raw.githubusercontent.com/cooknation/pizzagroup/refs/heads/main/pizzagroup_image_FLAME9.jpg;https://raw.githubusercontent.com/cooknation/pizzagroup/refs/heads/main/pizzagroup_image_2_FLAME9.jpg;https://raw.githubusercontent.com/cooknation/pizzagroup/refs/heads/main/pizzagroup_image_3_FLAME9.jpg;https://raw.githubusercontent.com/cooknation/pizzagroup/refs/heads/main/pizzagroup_datasheet_FLAME9.pdf;https://raw.githubusercontent.com/cooknation/pizzagroup/refs/heads/main/pizzagroup_manual_FLAME9.pdf;https://raw.githubusercontent.com/cooknation/pizzagroup/refs/heads/main/pizzagroup_technicalmanual_FLAME9.pdf;https://raw.githubusercontent.com/cooknation/pizzagroup/refs/heads/main/pizzagroup_drawing_FLAME9.pdf;https://raw.githubusercontent.com/cooknation/pizzagroup/refs/heads/main/pizzagroup_catalogue_FLAME9.pdf;https://raw.githubusercontent.com/cooknation/pizzagroup/refs/heads/main/pizzagroup_photo_FLAME9.jpg;https://raw.githubusercontent.com/cooknation/pizzagroup/refs/heads/main/pizzagroup_card_FLAME9.pdf;https://raw.githubusercontent.com/cooknation/pizzagroup/refs/heads/main/pizzagroup_brandcatalogue.pdf;https://raw.githubusercontent.com/cooknation/pizzagroup/refs/heads/main/pizzagroup_price.pdf
CKNPGRFLASH;FLASH;PIZZAGROUP;Flash conveyor infrared oven;"Infrared conveyor oven with independent top/bottom control; bidirectional belt.";"Flash is the compact, easy-to-use and practical equipment model for cooking pizzas and reheating baked goods. Its user-friendly digital interface allows the top and bottom temperatures to be set in a completely independent manner. The chamber is irradiated by means of infrared; a mode that allows you to cook, heat or cook au gratin your dishes. The set temperature is quickly reached. The bidirectional belt makes positioning easier, whilst the crumb trays facilitate day-end cleaning operations. Compact infrared conveyor oven (Flash). Digital controls for top/bottom temperatures, bidirectional belt, removable trays and crumb tray.";94;cm;50;cm;32;cm;23;kg;2088.0;;EUR;;;Cooking>Oven>Pizza;Pizzagroup, Pizzeria, Pizza, Oven;;;;simple;;Total power (kW);3.02;Top/Bottom power (kW);1.6+1.6;Baking surface (cm);35x55;Chamber height (cm);8;Belt width (cm);33;;;active;https://www.youtube.com/watch?v=Y7IK-bDs-m8;https://raw.githubusercontent.com/cooknation/pizzagroup/refs/heads/main/pizzagroup_image_FLASH.jpg;https://raw.githubusercontent.com/cooknation/pizzagroup/refs/heads/main/pizzagroup_image_2_FLASH.jpg;https://raw.githubusercontent.com/cooknation/pizzagroup/refs/heads/main/pizzagroup_image_3_FLASH.jpg;https://raw.githubusercontent.com/cooknation/pizzagroup/refs/heads/main/pizzagroup_datasheet_FLASH.pdf;https://raw.githubusercontent.com/cooknation/pizzagroup/refs/heads/main/pizzagroup_manual_FLASH.pdf;https://raw.githubusercontent.com/cooknation/pizzagroup/refs/heads/main/pizzagroup_technicalmanual_FLASH.pdf;https://raw.githubusercontent.com/cooknation/pizzagroup/refs/heads/main/pizzagroup_drawing_FLASH.pdf;https://raw.githubusercontent.com/cooknation/pizzagroup/refs/heads/main/pizzagroup_catalogue_FLASH.pdf;https://raw.githubusercontent.com/cooknation/pizzagroup/refs/heads/main/pizzagroup_photo_FLASH.jpg;https://raw.githubusercontent.com/cooknation/pizzagroup/refs/heads/main/pizzagroup_card_FLASH.pdf;https://raw.githubusercontent.com/cooknation/pizzagroup/refs/heads/main/pizzagroup_brandcatalogue.pdf;https://raw.githubusercontent.com/cooknation/pizzagroup/refs/heads/main/pizzagroup_price.pdf
CKNPGRFOOTPEDAL;FOOTPEDAL;PIZZAGROUP;Accessory - Dough Roller - foot pedal;Electric foot pedal (pedale elettrico) for dough rolling machines.;"Optional pedal control for compatible Pizzagroup rolling machines. Foot pedal included on selected TA models; otherwise sold separately.";;;;;;;;;65.0;;EUR;;;Preparation>Dough Roller;Pizzagroup, Pizzeria, Pizza;;;;simple;;;;;;;;;;;;;;active;https://www.youtube.com/watch?v=gA1HkaHbs-o;https://raw.githubusercontent.com/cooknation/pizzagroup/refs/heads/main/pizzagroup_image_FOOTPEDAL.jpg;https://raw.githubusercontent.com/cooknation/pizzagroup/refs/heads/main/pizzagroup_image_2_FOOTPEDAL.jpg;https://raw.githubusercontent.com/cooknation/pizzagroup/refs/heads/main/pizzagroup_image_3_FOOTPEDAL.jpg;https://raw.githubusercontent.com/cooknation/pizzagroup/refs/heads/main/pizzagroup_datasheet_FOOTPEDAL.pdf;https://raw.githubusercontent.com/cooknation/pizzagroup/refs/heads/main/pizzagroup_manual_FOOTPEDAL.pdf;https://raw.githubusercontent.com/cooknation/pizzagroup/refs/heads/main/pizzagroup_technicalmanual_FOOTPEDAL.pdf;https://raw.githubusercontent.com/cooknation/pizzagroup/refs/heads/main/pizzagroup_drawing_FOOTPEDAL.pdf;https://raw.githubusercontent.com/cooknation/pizzagroup/refs/heads/main/pizzagroup_catalogue_FOOTPEDAL.pdf;https://raw.githubusercontent.com/cooknation/pizzagroup/refs/heads/main/pizzagroup_photo_FOOTPEDAL.jpg;https://raw.githubusercontent.com/cooknation/pizzagroup/refs/heads/main/pizzagroup_card_FOOTPEDAL.pdf;https://raw.githubusercontent.com/cooknation/pizzagroup/refs/heads/main/pizzagroup_brandcatalogue.pdf;https://raw.githubusercontent.com/cooknation/pizzagroup/refs/heads/main/pizzagroup_price.pdf
CKNPGRIF17;IF17;PIZZAGROUP;Spiral mixer;Spiral mixer, fixed head/bowl;The spiral mixer is the ideal machine for pizzerias, pastry-shops, bakeries and families. The particular shape of the spiral allows to obtain a perfectly mixed dough in few minutes. The grid allows to add ingredients, in all safety, while the machine is in use, and also to check in real time the dough consistency. All parts in contact with the food, as bowl, spiral and dough splitting rod are in AISI 304 stainless steelDough weight 12 kg | Capacity 17 L | Power 0.75 kW | Voltage 400 V | Phases 3+T | Frequency 50 Hz | Bowl 32x21 cm (Ø x H);35;cm;66;cm;63;cm;72;kg;1787;;EUR;;;Preparation> Mixers > Spiral mixers;Pizzagroup, Pizzeria, Pizza, Mixer;;;;simple;;Dough weight ( Kg);12;Capacity ( L);17;Power ( Kw);0.75;Bowl Size ( cm);32x21 cm;;;;;active;https://raw.githubusercontent.com/cooknation/pizzagroup/refs/heads/main/pizzagroup_video_IF17.mp4;https://raw.githubusercontent.com/cooknation/pizzagroup/refs/heads/main/pizzagroup_image_IF17.jpg;https://raw.githubusercontent.com/cooknation/pizzagroup/refs/heads/main/pizzagroup_image_2_IF17.jpg;https://raw.githubusercontent.com/cooknation/pizzagroup/refs/heads/main/pizzagroup_image_3_IF17.jpg;https://raw.githubusercontent.com/cooknation/pizzagroup/refs/heads/main/pizzagroup_datasheet_IF17.pdf;https://raw.githubusercontent.com/cooknation/pizzagroup/refs/heads/main/pizzagroup_manual_IF17.pdf;https://raw.githubusercontent.com/cooknation/pizzagroup/refs/heads/main/pizzagroup_technicalmanual_IF17.pdf;https://raw.githubusercontent.com/cooknation/pizzagroup/refs/heads/main/pizzagroup_drawing_IF17.pdf;https://raw.githubusercontent.com/cooknation/pizzagroup/refs/heads/main/pizzagroup_catalogue_IF17.pdf;https://raw.githubusercontent.com/cooknation/pizzagroup/refs/heads/main/pizzagroup_photo_IF17.jpg;https://raw.githubusercontent.com/cooknation/pizzagroup/refs/heads/main/pizzagroup_card_IF17.pdf;https://raw.githubusercontent.com/cooknation/pizzagroup/refs/heads/main/pizzagroup_brandcatalogue.pdf;https://raw.githubusercontent.com/cooknation/pizzagroup/refs/heads/main/pizzagroup_price.pdf
CKNPGRIF22;IF22;PIZZAGROUP;Spiral mixer;Spiral mixer, fixed head/bowl;The spiral mixer is the ideal machine for pizzerias, pastry-shops, bakeries and families. The particular shape of the spiral allows to obtain a perfectly mixed dough in few minutes. The grid allows to add ingredients, in all safety, while the machine is in use, and also to check in real time the dough consistency. All parts in contact with the food, as bowl, spiral and dough splitting rod are in AISI 304 stainless steel. Dough weight 18 kg | Capacity 22 L | Power 0.75 kW | Voltage 400 V | Phases 3+T | Frequency 50 Hz | Bowl 36x21 cm (Ø x H);40;cm;69;cm;63;cm;75;kg;1936;;EUR;;;Preparation> Mixers > Spiral mixers;Pizzagroup, Pizzeria, Pizza, Mixer;;;;simple;;Dough weight ( Kg);18;Capacity ( L);22;Power ( Kw);0.75;Bowl Size ( cm);36x21 cm;;;;;active;https://raw.githubusercontent.com/cooknation/pizzagroup/refs/heads/main/pizzagroup_video_IF22.mp4;https://raw.githubusercontent.com/cooknation/pizzagroup/refs/heads/main/pizzagroup_image_IF22.jpg;https://raw.githubusercontent.com/cooknation/pizzagroup/refs/heads/main/pizzagroup_image_2_IF22.jpg;https://raw.githubusercontent.com/cooknation/pizzagroup/refs/heads/main/pizzagroup_image_3_IF22.jpg;https://raw.githubusercontent.com/cooknation/pizzagroup/refs/heads/main/pizzagroup_datasheet_IF22.pdf;https://raw.githubusercontent.com/cooknation/pizzagroup/refs/heads/main/pizzagroup_manual_IF22.pdf;https://raw.githubusercontent.com/cooknation/pizzagroup/refs/heads/main/pizzagroup_technicalmanual_IF22.pdf;https://raw.githubusercontent.com/cooknation/pizzagroup/refs/heads/main/pizzagroup_drawing_IF22.pdf;https://raw.githubusercontent.com/cooknation/pizzagroup/refs/heads/main/pizzagroup_catalogue_IF22.pdf;https://raw.githubusercontent.com/cooknation/pizzagroup/refs/heads/main/pizzagroup_photo_IF22.jpg;https://raw.githubusercontent.com/cooknation/pizzagroup/refs/heads/main/pizzagroup_card_IF22.pdf;https://raw.githubusercontent.com/cooknation/pizzagroup/refs/heads/main/pizzagroup_brandcatalogue.pdf;https://raw.githubusercontent.com/cooknation/pizzagroup/refs/heads/main/pizzagroup_price.pdf
CKNPGRIF222V;IF222V;PIZZAGROUP;Spiral mixer;Spiral mixer, fixed head/bowl, 2 speeds;The spiral mixer is the ideal machine for pizzerias, pastry-shops, bakeries and families. The particular shape of the spiral allows to obtain a perfectly mixed dough in few minutes. The grid allows to add ingredients, in all safety, while the machine is in use, and also to check in real time the dough consistency. All parts in contact with the food, as bowl, spiral and dough splitting rod are in AISI 304 stainless steel. Dough weight 18 kg | Capacity 22 L | Power 0.55/0.75 kW | Voltage 400 V | Phases 3+T | Frequency 50/60 Hz | Bowl 36x21 cm (Ø x H);40;cm;69;cm;63;cm;73;kg;2217;;EUR;;;Preparation> Mixers > Spiral mixers;Pizzagroup, Pizzeria, Pizza, Mixer;;;;simple;;Dough weight ( Kg);18;Capacity ( L);22;Power ( Kw);0.55/0.75;Bowl Size ( cm);36x21 cm;;;;;active;https://raw.githubusercontent.com/cooknation/pizzagroup/refs/heads/main/pizzagroup_video_IF222V.mp4;https://raw.githubusercontent.com/cooknation/pizzagroup/refs/heads/main/pizzagroup_image_IF222V.jpg;https://raw.githubusercontent.com/cooknation/pizzagroup/refs/heads/main/pizzagroup_image_2_IF222V.jpg;https://raw.githubusercontent.com/cooknation/pizzagroup/refs/heads/main/pizzagroup_image_3_IF222V.jpg;https://raw.githubusercontent.com/cooknation/pizzagroup/refs/heads/main/pizzagroup_datasheet_IF222V.pdf;https://raw.githubusercontent.com/cooknation/pizzagroup/refs/heads/main/pizzagroup_manual_IF222V.pdf;https://raw.githubusercontent.com/cooknation/pizzagroup/refs/heads/main/pizzagroup_technicalmanual_IF222V.pdf;https://raw.githubusercontent.com/cooknation/pizzagroup/refs/heads/main/pizzagroup_drawing_IF222V.pdf;https://raw.githubusercontent.com/cooknation/pizzagroup/refs/heads/main/pizzagroup_catalogue_IF222V.pdf;https://raw.githubusercontent.com/cooknation/pizzagroup/refs/heads/main/pizzagroup_photo_IF222V.jpg;https://raw.githubusercontent.com/cooknation/pizzagroup/refs/heads/main/pizzagroup_card_IF222V.pdf;https://raw.githubusercontent.com/cooknation/pizzagroup/refs/heads/main/pizzagroup_brandcatalogue.pdf;https://raw.githubusercontent.com/cooknation/pizzagroup/refs/heads/main/pizzagroup_price.pdf
CKNPGRIF222VHH;IF222VHH;PIZZAGROUP;Spiral mixer;Spiral mixer, fixed head/bowl, 2 speeds, high hydration;The spiral mixer is the ideal machine for pizzerias, pastry-shops, bakeries and families. The particular shape of the spiral allows to obtain a perfectly mixed dough in few minutes. The grid allows to add ingredients, in all safety, while the machine is in use, and also to check in real time the dough consistency. All parts in contact with the food, as bowl, spiral and dough splitting rod are in AISI 304 stainless steel. Dough weight 18 kg | Capacity 22 L | Power 0.55/0.75 kW | Voltage 400 V | Phases 3+T | Frequency 50/60 Hz | Bowl 36x21 cm (Ø x H);40;cm;69;cm;63;cm;73;kg;2609;;EUR;;;Preparation> Mixers > Spiral mixers;Pizzagroup, Pizzeria, Pizza, Mixer;;;;simple;;Dough weight ( Kg);18;Capacity ( L);22;Power ( Kw);0.55/0.75;Bowl Size ( cm);36x21 cm;;;;;active;https://raw.githubusercontent.com/cooknation/pizzagroup/refs/heads/main/pizzagroup_video_IF222VHH.mp4;https://raw.githubusercontent.com/cooknation/pizzagroup/refs/heads/main/pizzagroup_image_IF222VHH.jpg;https://raw.githubusercontent.com/cooknation/pizzagroup/refs/heads/main/pizzagroup_image_2_IF222VHH.jpg;https://raw.githubusercontent.com/cooknation/pizzagroup/refs/heads/main/pizzagroup_image_3_IF222VHH.jpg;https://raw.githubusercontent.com/cooknation/pizzagroup/refs/heads/main/pizzagroup_datasheet_IF222VHH.pdf;https://raw.githubusercontent.com/cooknation/pizzagroup/refs/heads/main/pizzagroup_manual_IF222VHH.pdf;https://raw.githubusercontent.com/cooknation/pizzagroup/refs/heads/main/pizzagroup_technicalmanual_IF222VHH.pdf;https://raw.githubusercontent.com/cooknation/pizzagroup/refs/heads/main/pizzagroup_drawing_IF222VHH.pdf;https://raw.githubusercontent.com/cooknation/pizzagroup/refs/heads/main/pizzagroup_catalogue_IF222VHH.pdf;https://raw.githubusercontent.com/cooknation/pizzagroup/refs/heads/main/pizzagroup_photo_IF222VHH.jpg;https://raw.githubusercontent.com/cooknation/pizzagroup/refs/heads/main/pizzagroup_card_IF222VHH.pdf;https://raw.githubusercontent.com/cooknation/pizzagroup/refs/heads/main/pizzagroup_brandcatalogue.pdf;https://raw.githubusercontent.com/cooknation/pizzagroup/refs/heads/main/pizzagroup_price.pdf
CKNPGRIF22VS;IF22VS;PIZZAGROUP;Spiral mixer;Spiral mixer, fixed head/bowl;The spiral mixer is the ideal machine for pizzerias, pastry-shops, bakeries and families. The particular shape of the spiral allows to obtain a perfectly mixed dough in few minutes. The grid allows to add ingredients, in all safety, while the machine is in use, and also to check in real time the dough consistency. All parts in contact with the food, as bowl, spiral and dough splitting rod are in AISI 304 stainless steel. Dough weight 18 kg | Capacity 22 L | Power 0.75 kW | Voltage 230 V | Phases 1N+T | Frequency 50 Hz | Bowl 36x21 cm (Ø x H);40;cm;69;cm;63;cm;76;kg;2442;;EUR;;;Preparation> Mixers > Spiral mixers;Pizzagroup, Pizzeria, Pizza, Mixer;;;;simple;;Dough weight ( Kg);18;Capacity ( L);22;Power ( Kw);0.75;Bowl Size ( cm);36x21 cm;;;;;active;https://raw.githubusercontent.com/cooknation/pizzagroup/refs/heads/main/pizzagroup_video_IF22VS.mp4;https://raw.githubusercontent.com/cooknation/pizzagroup/refs/heads/main/pizzagroup_image_IF22VS.jpg;https://raw.githubusercontent.com/cooknation/pizzagroup/refs/heads/main/pizzagroup_image_2_IF22VS.jpg;https://raw.githubusercontent.com/cooknation/pizzagroup/refs/heads/main/pizzagroup_image_3_IF22VS.jpg;https://raw.githubusercontent.com/cooknation/pizzagroup/refs/heads/main/pizzagroup_datasheet_IF22VS.pdf;https://raw.githubusercontent.com/cooknation/pizzagroup/refs/heads/main/pizzagroup_manual_IF22VS.pdf;https://raw.githubusercontent.com/cooknation/pizzagroup/refs/heads/main/pizzagroup_technicalmanual_IF22VS.pdf;https://raw.githubusercontent.com/cooknation/pizzagroup/refs/heads/main/pizzagroup_drawing_IF22VS.pdf;https://raw.githubusercontent.com/cooknation/pizzagroup/refs/heads/main/pizzagroup_catalogue_IF22VS.pdf;https://raw.githubusercontent.com/cooknation/pizzagroup/refs/heads/main/pizzagroup_photo_IF22VS.jpg;https://raw.githubusercontent.com/cooknation/pizzagroup/refs/heads/main/pizzagroup_card_IF22VS.pdf;https://raw.githubusercontent.com/cooknation/pizzagroup/refs/heads/main/pizzagroup_brandcatalogue.pdf;https://raw.githubusercontent.com/cooknation/pizzagroup/refs/heads/main/pizzagroup_price.pdf
CKNPGRIF33;IF33;PIZZAGROUP;Spiral mixer;Spiral mixer, fixed head/bowl;The spiral mixer is the ideal machine for pizzerias, pastry-shops, bakeries and families. The particular shape of the spiral allows to obtain a perfectly mixed dough in few minutes. The grid allows to add ingredients, in all safety, while the machine is in use, and also to check in real time the dough consistency. All parts in contact with the food, as bowl, spiral and dough splitting rod are in AISI 304 stainless steel. Dough weight 25 kg | Capacity 33 L | Power 1.50 kW | Voltage 400 V | Phases 3+T | Frequency 50 Hz | Bowl 40x26 cm (Ø x H);44;cm;83;cm;72;cm;104;kg;2297;;EUR;;;Preparation> Mixers > Spiral mixers;Pizzagroup, Pizzeria, Pizza, Mixer;;;;simple;;Dough weight ( Kg);25;Capacity ( L);33;Power ( Kw);1.50;Bowl Size ( cm);40x26 cm;;;;;active;https://raw.githubusercontent.com/cooknation/pizzagroup/refs/heads/main/pizzagroup_video_IF33.mp4;https://raw.githubusercontent.com/cooknation/pizzagroup/refs/heads/main/pizzagroup_image_IF33.jpg;https://raw.githubusercontent.com/cooknation/pizzagroup/refs/heads/main/pizzagroup_image_2_IF33.jpg;https://raw.githubusercontent.com/cooknation/pizzagroup/refs/heads/main/pizzagroup_image_3_IF33.jpg;https://raw.githubusercontent.com/cooknation/pizzagroup/refs/heads/main/pizzagroup_datasheet_IF33.pdf;https://raw.githubusercontent.com/cooknation/pizzagroup/refs/heads/main/pizzagroup_manual_IF33.pdf;https://raw.githubusercontent.com/cooknation/pizzagroup/refs/heads/main/pizzagroup_technicalmanual_IF33.pdf;https://raw.githubusercontent.com/cooknation/pizzagroup/refs/heads/main/pizzagroup_drawing_IF33.pdf;https://raw.githubusercontent.com/cooknation/pizzagroup/refs/heads/main/pizzagroup_catalogue_IF33.pdf;https://raw.githubusercontent.com/cooknation/pizzagroup/refs/heads/main/pizzagroup_photo_IF33.jpg;https://raw.githubusercontent.com/cooknation/pizzagroup/refs/heads/main/pizzagroup_card_IF33.pdf;https://raw.githubusercontent.com/cooknation/pizzagroup/refs/heads/main/pizzagroup_brandcatalogue.pdf;https://raw.githubusercontent.com/cooknation/pizzagroup/refs/heads/main/pizzagroup_price.pdf
CKNPGRIF332V;IF332V;PIZZAGROUP;Spiral mixer;Spiral mixer, fixed head/bowl, 2 speeds;The spiral mixer is the ideal machine for pizzerias, pastry-shops, bakeries and families. The particular shape of the spiral allows to obtain a perfectly mixed dough in few minutes. The grid allows to add ingredients, in all safety, while the machine is in use, and also to check in real time the dough consistency. All parts in contact with the food, as bowl, spiral and dough splitting rod are in AISI 304 stainless steel. Dough weight 25 kg | Capacity 33 L | Power 0.90/1.20 kW | Voltage 400 V | Phases 3+T | Frequency 50 Hz | Bowl 40x26 cm (Ø x H);44;cm;83;cm;72;cm;103;kg;2577;;EUR;;;Preparation> Mixers > Spiral mixers;Pizzagroup, Pizzeria, Pizza, Mixer;;;;simple;;Dough weight ( Kg);25;Capacity ( L);33;Power ( Kw);0.90/1.20;Bowl Size ( cm);40x26 cm;;;;;active;https://raw.githubusercontent.com/cooknation/pizzagroup/refs/heads/main/pizzagroup_video_IF332V.mp4;https://raw.githubusercontent.com/cooknation/pizzagroup/refs/heads/main/pizzagroup_image_IF332V.jpg;https://raw.githubusercontent.com/cooknation/pizzagroup/refs/heads/main/pizzagroup_image_2_IF332V.jpg;https://raw.githubusercontent.com/cooknation/pizzagroup/refs/heads/main/pizzagroup_image_3_IF332V.jpg;https://raw.githubusercontent.com/cooknation/pizzagroup/refs/heads/main/pizzagroup_datasheet_IF332V.pdf;https://raw.githubusercontent.com/cooknation/pizzagroup/refs/heads/main/pizzagroup_manual_IF332V.pdf;https://raw.githubusercontent.com/cooknation/pizzagroup/refs/heads/main/pizzagroup_technicalmanual_IF332V.pdf;https://raw.githubusercontent.com/cooknation/pizzagroup/refs/heads/main/pizzagroup_drawing_IF332V.pdf;https://raw.githubusercontent.com/cooknation/pizzagroup/refs/heads/main/pizzagroup_catalogue_IF332V.pdf;https://raw.githubusercontent.com/cooknation/pizzagroup/refs/heads/main/pizzagroup_photo_IF332V.jpg;https://raw.githubusercontent.com/cooknation/pizzagroup/refs/heads/main/pizzagroup_card_IF332V.pdf;https://raw.githubusercontent.com/cooknation/pizzagroup/refs/heads/main/pizzagroup_brandcatalogue.pdf;https://raw.githubusercontent.com/cooknation/pizzagroup/refs/heads/main/pizzagroup_price.pdf
CKNPGRIF332VHH;IF332VHH;PIZZAGROUP;Spiral mixer;Spiral mixer, fixed head/bowl, 2 speeds, high hydration;The spiral mixer is the ideal machine for pizzerias, pastry-shops, bakeries and families. The particular shape of the spiral allows to obtain a perfectly mixed dough in few minutes. The grid allows to add ingredients, in all safety, while the machine is in use, and also to check in real time the dough consistency. All parts in contact with the food, as bowl, spiral and dough splitting rod are in AISI 304 stainless steel.  Dough weight 25 kg | Capacity 33 L | Power 0.90/1.20 kW | Voltage 400 V | Phases 3+T | Frequency 50 Hz | Bowl 40x26 cm (Ø x H);44;cm;83;cm;72;cm;103;kg;3031;;EUR;;;Preparation> Mixers > Spiral mixers;Pizzagroup, Pizzeria, Pizza, Mixer;;;;simple;;Dough weight ( Kg);25;Capacity ( L);33;Power ( Kw);0.90/1.20;Bowl Size ( cm);40x26 cm;;;;;active;https://raw.githubusercontent.com/cooknation/pizzagroup/refs/heads/main/pizzagroup_video_IF332VHH.mp4;https://raw.githubusercontent.com/cooknation/pizzagroup/refs/heads/main/pizzagroup_image_IF332VHH.jpg;https://raw.githubusercontent.com/cooknation/pizzagroup/refs/heads/main/pizzagroup_image_2_IF332VHH.jpg;https://raw.githubusercontent.com/cooknation/pizzagroup/refs/heads/main/pizzagroup_image_3_IF332VHH.jpg;https://raw.githubusercontent.com/cooknation/pizzagroup/refs/heads/main/pizzagroup_datasheet_IF332VHH.pdf;https://raw.githubusercontent.com/cooknation/pizzagroup/refs/heads/main/pizzagroup_manual_IF332VHH.pdf;https://raw.githubusercontent.com/cooknation/pizzagroup/refs/heads/main/pizzagroup_technicalmanual_IF332VHH.pdf;https://raw.githubusercontent.com/cooknation/pizzagroup/refs/heads/main/pizzagroup_drawing_IF332VHH.pdf;https://raw.githubusercontent.com/cooknation/pizzagroup/refs/heads/main/pizzagroup_catalogue_IF332VHH.pdf;https://raw.githubusercontent.com/cooknation/pizzagroup/refs/heads/main/pizzagroup_photo_IF332VHH.jpg;https://raw.githubusercontent.com/cooknation/pizzagroup/refs/heads/main/pizzagroup_card_IF332VHH.pdf;https://raw.githubusercontent.com/cooknation/pizzagroup/refs/heads/main/pizzagroup_brandcatalogue.pdf;https://raw.githubusercontent.com/cooknation/pizzagroup/refs/heads/main/pizzagroup_price.pdf
CKNPGRIF33VS;IF33VS;PIZZAGROUP;Spiral mixer;Spiral mixer, fixed head/bowl;The spiral mixer is the ideal machine for pizzerias, pastry-shops, bakeries and families. The particular shape of the spiral allows to obtain a perfectly mixed dough in few minutes. The grid allows to add ingredients, in all safety, while the machine is in use, and also to check in real time the dough consistency. All parts in contact with the food, as bowl, spiral and dough splitting rod are in AISI 304 stainless steel. Dough weight 25 kg | Capacity 33 L | Power 1.50 kW | Voltage 230 V | Phases 1N+T | Frequency 50/60 Hz | Bowl 40x26 cm (Ø x H);44;cm;83;cm;72;cm;106;kg;2874;;EUR;;;Preparation> Mixers > Spiral mixers;Pizzagroup, Pizzeria, Pizza, Mixer;;;;simple;;Dough weight ( Kg);25;Capacity ( L);33;Power ( Kw);1.50;Bowl Size ( cm);40x26 cm;;;;;active;https://raw.githubusercontent.com/cooknation/pizzagroup/refs/heads/main/pizzagroup_video_IF33VS.mp4;https://raw.githubusercontent.com/cooknation/pizzagroup/refs/heads/main/pizzagroup_image_IF33VS.jpg;https://raw.githubusercontent.com/cooknation/pizzagroup/refs/heads/main/pizzagroup_image_2_IF33VS.jpg;https://raw.githubusercontent.com/cooknation/pizzagroup/refs/heads/main/pizzagroup_image_3_IF33VS.jpg;https://raw.githubusercontent.com/cooknation/pizzagroup/refs/heads/main/pizzagroup_datasheet_IF33VS.pdf;https://raw.githubusercontent.com/cooknation/pizzagroup/refs/heads/main/pizzagroup_manual_IF33VS.pdf;https://raw.githubusercontent.com/cooknation/pizzagroup/refs/heads/main/pizzagroup_technicalmanual_IF33VS.pdf;https://raw.githubusercontent.com/cooknation/pizzagroup/refs/heads/main/pizzagroup_drawing_IF33VS.pdf;https://raw.githubusercontent.com/cooknation/pizzagroup/refs/heads/main/pizzagroup_catalogue_IF33VS.pdf;https://raw.githubusercontent.com/cooknation/pizzagroup/refs/heads/main/pizzagroup_photo_IF33VS.jpg;https://raw.githubusercontent.com/cooknation/pizzagroup/refs/heads/main/pizzagroup_card_IF33VS.pdf;https://raw.githubusercontent.com/cooknation/pizzagroup/refs/heads/main/pizzagroup_brandcatalogue.pdf;https://raw.githubusercontent.com/cooknation/pizzagroup/refs/heads/main/pizzagroup_price.pdf
CKNPGRIF42;IF42;PIZZAGROUP;Spiral mixer;Spiral mixer, fixed head/bowl;The spiral mixer is the ideal machine for pizzerias, pastry-shops, bakeries and families. The particular shape of the spiral allows to obtain a perfectly mixed dough in few minutes. The grid allows to add ingredients, in all safety, while the machine is in use, and also to check in real time the dough consistency. All parts in contact with the food, as bowl, spiral and dough splitting rod are in AISI 304 stainless steel. Dough weight 38 kg | Capacity 42 L | Power 1.50 kW | Voltage 400 V | Phases 3+T | Frequency 50 Hz | Bowl 45x26 cm (Ø x H);47;cm;85;cm;72;cm;107;kg;2656;;EUR;;;Preparation> Mixers > Spiral mixers;Pizzagroup, Pizzeria, Pizza, Mixer;;;;simple;;Dough weight ( Kg);38;Capacity ( L);42;Power ( Kw);1.50;Bowl Size ( cm);45x26 cm;;;;;active;https://raw.githubusercontent.com/cooknation/pizzagroup/refs/heads/main/pizzagroup_video_IF42.mp4;https://raw.githubusercontent.com/cooknation/pizzagroup/refs/heads/main/pizzagroup_image_IF42.jpg;https://raw.githubusercontent.com/cooknation/pizzagroup/refs/heads/main/pizzagroup_image_2_IF42.jpg;https://raw.githubusercontent.com/cooknation/pizzagroup/refs/heads/main/pizzagroup_image_3_IF42.jpg;https://raw.githubusercontent.com/cooknation/pizzagroup/refs/heads/main/pizzagroup_datasheet_IF42.pdf;https://raw.githubusercontent.com/cooknation/pizzagroup/refs/heads/main/pizzagroup_manual_IF42.pdf;https://raw.githubusercontent.com/cooknation/pizzagroup/refs/heads/main/pizzagroup_technicalmanual_IF42.pdf;https://raw.githubusercontent.com/cooknation/pizzagroup/refs/heads/main/pizzagroup_drawing_IF42.pdf;https://raw.githubusercontent.com/cooknation/pizzagroup/refs/heads/main/pizzagroup_catalogue_IF42.pdf;https://raw.githubusercontent.com/cooknation/pizzagroup/refs/heads/main/pizzagroup_photo_IF42.jpg;https://raw.githubusercontent.com/cooknation/pizzagroup/refs/heads/main/pizzagroup_card_IF42.pdf;https://raw.githubusercontent.com/cooknation/pizzagroup/refs/heads/main/pizzagroup_brandcatalogue.pdf;https://raw.githubusercontent.com/cooknation/pizzagroup/refs/heads/main/pizzagroup_price.pdf
CKNPGRIF422V;IF422V;PIZZAGROUP;Spiral mixer;Spiral mixer, fixed head/bowl, 2 speeds;The spiral mixer is the ideal machine for pizzerias, pastry-shops, bakeries and families. The particular shape of the spiral allows to obtain a perfectly mixed dough in few minutes. The grid allows to add ingredients, in all safety, while the machine is in use, and also to check in real time the dough consistency. All parts in contact with the food, as bowl, spiral and dough splitting rod are in AISI 304 stainless steel. Dough weight 38 kg | Capacity 42 L | Power 1.10/1.50 kW | Voltage 400 V | Phases 3+T | Frequency 50 Hz | Bowl 45x26 cm (Ø x H);47;cm;85;cm;72;cm;106;kg;2938;;EUR;;;Preparation> Mixers > Spiral mixers;Pizzagroup, Pizzeria, Pizza, Mixer;;;;simple;;Dough weight ( Kg);38;Capacity ( L);42;Power ( Kw);1.10/1.50;Bowl Size ( cm);45x26 cm;;;;;active;https://raw.githubusercontent.com/cooknation/pizzagroup/refs/heads/main/pizzagroup_video_IF422V.mp4;https://raw.githubusercontent.com/cooknation/pizzagroup/refs/heads/main/pizzagroup_image_IF422V.jpg;https://raw.githubusercontent.com/cooknation/pizzagroup/refs/heads/main/pizzagroup_image_2_IF422V.jpg;https://raw.githubusercontent.com/cooknation/pizzagroup/refs/heads/main/pizzagroup_image_3_IF422V.jpg;https://raw.githubusercontent.com/cooknation/pizzagroup/refs/heads/main/pizzagroup_datasheet_IF422V.pdf;https://raw.githubusercontent.com/cooknation/pizzagroup/refs/heads/main/pizzagroup_manual_IF422V.pdf;https://raw.githubusercontent.com/cooknation/pizzagroup/refs/heads/main/pizzagroup_technicalmanual_IF422V.pdf;https://raw.githubusercontent.com/cooknation/pizzagroup/refs/heads/main/pizzagroup_drawing_IF422V.pdf;https://raw.githubusercontent.com/cooknation/pizzagroup/refs/heads/main/pizzagroup_catalogue_IF422V.pdf;https://raw.githubusercontent.com/cooknation/pizzagroup/refs/heads/main/pizzagroup_photo_IF422V.jpg;https://raw.githubusercontent.com/cooknation/pizzagroup/refs/heads/main/pizzagroup_card_IF422V.pdf;https://raw.githubusercontent.com/cooknation/pizzagroup/refs/heads/main/pizzagroup_brandcatalogue.pdf;https://raw.githubusercontent.com/cooknation/pizzagroup/refs/heads/main/pizzagroup_price.pdf
CKNPGRIF422VHH;IF422VHH;PIZZAGROUP;Spiral mixer;Spiral mixer, fixed head/bowl, 2 speeds, high hydration;The spiral mixer is the ideal machine for pizzerias, pastry-shops, bakeries and families. The particular shape of the spiral allows to obtain a perfectly mixed dough in few minutes. The grid allows to add ingredients, in all safety, while the machine is in use, and also to check in real time the dough consistency. All parts in contact with the food, as bowl, spiral and dough splitting rod are in AISI 304 stainless steel. Dough weight 38 kg | Capacity 42 L | Power 1.10/1.50 kW | Voltage 400 V | Phases 3+T | Frequency 50 Hz | Bowl 45x26 cm (Ø x H);47;cm;85;cm;72;cm;106;kg;3456;;EUR;;;Preparation> Mixers > Spiral mixers;Pizzagroup, Pizzeria, Pizza, Mixer;;;;simple;;Dough weight ( Kg);38;Capacity ( L);42;Power ( Kw);1.10/1.50;Bowl Size ( cm);45x26 cm;;;;;active;https://raw.githubusercontent.com/cooknation/pizzagroup/refs/heads/main/pizzagroup_video_IF422VHH.mp4;https://raw.githubusercontent.com/cooknation/pizzagroup/refs/heads/main/pizzagroup_image_IF422VHH.jpg;https://raw.githubusercontent.com/cooknation/pizzagroup/refs/heads/main/pizzagroup_image_2_IF422VHH.jpg;https://raw.githubusercontent.com/cooknation/pizzagroup/refs/heads/main/pizzagroup_image_3_IF422VHH.jpg;https://raw.githubusercontent.com/cooknation/pizzagroup/refs/heads/main/pizzagroup_datasheet_IF422VHH.pdf;https://raw.githubusercontent.com/cooknation/pizzagroup/refs/heads/main/pizzagroup_manual_IF422VHH.pdf;https://raw.githubusercontent.com/cooknation/pizzagroup/refs/heads/main/pizzagroup_technicalmanual_IF422VHH.pdf;https://raw.githubusercontent.com/cooknation/pizzagroup/refs/heads/main/pizzagroup_drawing_IF422VHH.pdf;https://raw.githubusercontent.com/cooknation/pizzagroup/refs/heads/main/pizzagroup_catalogue_IF422VHH.pdf;https://raw.githubusercontent.com/cooknation/pizzagroup/refs/heads/main/pizzagroup_photo_IF422VHH.jpg;https://raw.githubusercontent.com/cooknation/pizzagroup/refs/heads/main/pizzagroup_card_IF422VHH.pdf;https://raw.githubusercontent.com/cooknation/pizzagroup/refs/heads/main/pizzagroup_brandcatalogue.pdf;https://raw.githubusercontent.com/cooknation/pizzagroup/refs/heads/main/pizzagroup_price.pdf
CKNPGRIF42VS;IF42VS;PIZZAGROUP;Spiral mixer;Spiral mixer, fixed head/bowl;The spiral mixer is the ideal machine for pizzerias, pastry-shops, bakeries and families. The particular shape of the spiral allows to obtain a perfectly mixed dough in few minutes. The grid allows to add ingredients, in all safety, while the machine is in use, and also to check in real time the dough consistency. All parts in contact with the food, as bowl, spiral and dough splitting rod are in AISI 304 stainless steel. Dough weight 38 kg | Capacity 42 L | Power 1.50 kW | Voltage 230 V | Phases 1N+T | Frequency 50/60 Hz | Bowl 45x26 cm (Ø x H);47;cm;85;cm;72;cm;109;kg;3235;;EUR;;;Preparation> Mixers > Spiral mixers;Pizzagroup, Pizzeria, Pizza, Mixer;;;;simple;;Dough weight ( Kg);38;Capacity ( L);42;Power ( Kw);1.50;Bowl Size ( cm);45x26 cm;;;;;active;https://raw.githubusercontent.com/cooknation/pizzagroup/refs/heads/main/pizzagroup_video_IF42VS.mp4;https://raw.githubusercontent.com/cooknation/pizzagroup/refs/heads/main/pizzagroup_image_IF42VS.jpg;https://raw.githubusercontent.com/cooknation/pizzagroup/refs/heads/main/pizzagroup_image_2_IF42VS.jpg;https://raw.githubusercontent.com/cooknation/pizzagroup/refs/heads/main/pizzagroup_image_3_IF42VS.jpg;https://raw.githubusercontent.com/cooknation/pizzagroup/refs/heads/main/pizzagroup_datasheet_IF42VS.pdf;https://raw.githubusercontent.com/cooknation/pizzagroup/refs/heads/main/pizzagroup_manual_IF42VS.pdf;https://raw.githubusercontent.com/cooknation/pizzagroup/refs/heads/main/pizzagroup_technicalmanual_IF42VS.pdf;https://raw.githubusercontent.com/cooknation/pizzagroup/refs/heads/main/pizzagroup_drawing_IF42VS.pdf;https://raw.githubusercontent.com/cooknation/pizzagroup/refs/heads/main/pizzagroup_catalogue_IF42VS.pdf;https://raw.githubusercontent.com/cooknation/pizzagroup/refs/heads/main/pizzagroup_photo_IF42VS.jpg;https://raw.githubusercontent.com/cooknation/pizzagroup/refs/heads/main/pizzagroup_card_IF42VS.pdf;https://raw.githubusercontent.com/cooknation/pizzagroup/refs/heads/main/pizzagroup_brandcatalogue.pdf;https://raw.githubusercontent.com/cooknation/pizzagroup/refs/heads/main/pizzagroup_price.pdf
CKNPGRIF53;IF53;PIZZAGROUP;Spiral mixer;Spiral mixer, fixed head/bowl;The spiral mixer is the ideal machine for pizzerias, pastry-shops, bakeries and families. The particular shape of the spiral allows to obtain a perfectly mixed dough in few minutes. The grid allows to add ingredients, in all safety, while the machine is in use, and also to check in real time the dough consistency. All parts in contact with the food, as bowl, spiral and dough splitting rod are in AISI 304 stainless steel. Dough weight 44 kg | Capacity 53 L | Power 1.50 kW | Voltage 400 V | Phases 3+T | Frequency 50 Hz | Bowl 50x27 cm (Ø x H);53;cm;86;cm;72;cm;110;kg;2874;;EUR;;;Preparation> Mixers > Spiral mixers;Pizzagroup, Pizzeria, Pizza, Mixer;;;;simple;;Dough weight ( Kg);44;Capacity ( L);53;Power ( Kw);1.50;Bowl Size ( cm);50x27 cm;;;;;active;https://raw.githubusercontent.com/cooknation/pizzagroup/refs/heads/main/pizzagroup_video_IF53.mp4;https://raw.githubusercontent.com/cooknation/pizzagroup/refs/heads/main/pizzagroup_image_IF53.jpg;https://raw.githubusercontent.com/cooknation/pizzagroup/refs/heads/main/pizzagroup_image_2_IF53.jpg;https://raw.githubusercontent.com/cooknation/pizzagroup/refs/heads/main/pizzagroup_image_3_IF53.jpg;https://raw.githubusercontent.com/cooknation/pizzagroup/refs/heads/main/pizzagroup_datasheet_IF53.pdf;https://raw.githubusercontent.com/cooknation/pizzagroup/refs/heads/main/pizzagroup_manual_IF53.pdf;https://raw.githubusercontent.com/cooknation/pizzagroup/refs/heads/main/pizzagroup_technicalmanual_IF53.pdf;https://raw.githubusercontent.com/cooknation/pizzagroup/refs/heads/main/pizzagroup_drawing_IF53.pdf;https://raw.githubusercontent.com/cooknation/pizzagroup/refs/heads/main/pizzagroup_catalogue_IF53.pdf;https://raw.githubusercontent.com/cooknation/pizzagroup/refs/heads/main/pizzagroup_photo_IF53.jpg;https://raw.githubusercontent.com/cooknation/pizzagroup/refs/heads/main/pizzagroup_card_IF53.pdf;https://raw.githubusercontent.com/cooknation/pizzagroup/refs/heads/main/pizzagroup_brandcatalogue.pdf;https://raw.githubusercontent.com/cooknation/pizzagroup/refs/heads/main/pizzagroup_price.pdf
CKNPGRIF532V;IF532V;PIZZAGROUP;Spiral mixer;Spiral mixer, fixed head/bowl, 2 speeds;The spiral mixer is the ideal machine for pizzerias, pastry-shops, bakeries and families. The particular shape of the spiral allows to obtain a perfectly mixed dough in few minutes. The grid allows to add ingredients, in all safety, while the machine is in use, and also to check in real time the dough consistency. All parts in contact with the food, as bowl, spiral and dough splitting rod are in AISI 304 stainless steel. Dough weight 44 kg | Capacity 53 L | Power 1.10/1.50 kW | Voltage 400 V | Phases 3+T | Frequency 50 Hz | Bowl 50x27 cm (Ø x H);53;cm;86;cm;72;cm;109;kg;3156;;EUR;;;Preparation> Mixers > Spiral mixers;Pizzagroup, Pizzeria, Pizza, Mixer;;;;simple;;Dough weight ( Kg);44;Capacity ( L);53;Power ( Kw);1.10/1.50;Bowl Size ( cm);50x27 cm;;;;;active;https://raw.githubusercontent.com/cooknation/pizzagroup/refs/heads/main/pizzagroup_video_IF532V.mp4;https://raw.githubusercontent.com/cooknation/pizzagroup/refs/heads/main/pizzagroup_image_IF532V.jpg;https://raw.githubusercontent.com/cooknation/pizzagroup/refs/heads/main/pizzagroup_image_2_IF532V.jpg;https://raw.githubusercontent.com/cooknation/pizzagroup/refs/heads/main/pizzagroup_image_3_IF532V.jpg;https://raw.githubusercontent.com/cooknation/pizzagroup/refs/heads/main/pizzagroup_datasheet_IF532V.pdf;https://raw.githubusercontent.com/cooknation/pizzagroup/refs/heads/main/pizzagroup_manual_IF532V.pdf;https://raw.githubusercontent.com/cooknation/pizzagroup/refs/heads/main/pizzagroup_technicalmanual_IF532V.pdf;https://raw.githubusercontent.com/cooknation/pizzagroup/refs/heads/main/pizzagroup_drawing_IF532V.pdf;https://raw.githubusercontent.com/cooknation/pizzagroup/refs/heads/main/pizzagroup_catalogue_IF532V.pdf;https://raw.githubusercontent.com/cooknation/pizzagroup/refs/heads/main/pizzagroup_photo_IF532V.jpg;https://raw.githubusercontent.com/cooknation/pizzagroup/refs/heads/main/pizzagroup_card_IF532V.pdf;https://raw.githubusercontent.com/cooknation/pizzagroup/refs/heads/main/pizzagroup_brandcatalogue.pdf;https://raw.githubusercontent.com/cooknation/pizzagroup/refs/heads/main/pizzagroup_price.pdf
CKNPGRIF532VHH;IF532VHH;PIZZAGROUP;Spiral mixer;Spiral mixer, fixed head/bowl, 2 speeds, high hydration;The spiral mixer is the ideal machine for pizzerias, pastry-shops, bakeries and families. The particular shape of the spiral allows to obtain a perfectly mixed dough in few minutes. The grid allows to add ingredients, in all safety, while the machine is in use, and also to check in real time the dough consistency. All parts in contact with the food, as bowl, spiral and dough splitting rod are in AISI 304 stainless steel. Dough weight 44 kg | Capacity 53 L | Power 1.10/1.50 kW | Voltage 400 V | Phases 3+T | Frequency 50 Hz | Bowl 50x27 cm (Ø x H);53;cm;86;cm;72;cm;109;kg;3713;;EUR;;;Preparation> Mixers > Spiral mixers;Pizzagroup, Pizzeria, Pizza, Mixer;;;;simple;;Dough weight ( Kg);44;Capacity ( L);53;Power ( Kw);1.10/1.50;Bowl Size ( cm);50x27 cm;;;;;active;https://raw.githubusercontent.com/cooknation/pizzagroup/refs/heads/main/pizzagroup_video_IF532VHH.mp4;https://raw.githubusercontent.com/cooknation/pizzagroup/refs/heads/main/pizzagroup_image_IF532VHH.jpg;https://raw.githubusercontent.com/cooknation/pizzagroup/refs/heads/main/pizzagroup_image_2_IF532VHH.jpg;https://raw.githubusercontent.com/cooknation/pizzagroup/refs/heads/main/pizzagroup_image_3_IF532VHH.jpg;https://raw.githubusercontent.com/cooknation/pizzagroup/refs/heads/main/pizzagroup_datasheet_IF532VHH.pdf;https://raw.githubusercontent.com/cooknation/pizzagroup/refs/heads/main/pizzagroup_manual_IF532VHH.pdf;https://raw.githubusercontent.com/cooknation/pizzagroup/refs/heads/main/pizzagroup_technicalmanual_IF532VHH.pdf;https://raw.githubusercontent.com/cooknation/pizzagroup/refs/heads/main/pizzagroup_drawing_IF532VHH.pdf;https://raw.githubusercontent.com/cooknation/pizzagroup/refs/heads/main/pizzagroup_catalogue_IF532VHH.pdf;https://raw.githubusercontent.com/cooknation/pizzagroup/refs/heads/main/pizzagroup_photo_IF532VHH.jpg;https://raw.githubusercontent.com/cooknation/pizzagroup/refs/heads/main/pizzagroup_card_IF532VHH.pdf;https://raw.githubusercontent.com/cooknation/pizzagroup/refs/heads/main/pizzagroup_brandcatalogue.pdf;https://raw.githubusercontent.com/cooknation/pizzagroup/refs/heads/main/pizzagroup_price.pdf
CKNPGRIF53VS;IF53VS;PIZZAGROUP;Spiral mixer;Spiral mixer, fixed head/bowl;The spiral mixer is the ideal machine for pizzerias, pastry-shops, bakeries and families. The particular shape of the spiral allows to obtain a perfectly mixed dough in few minutes. The grid allows to add ingredients, in all safety, while the machine is in use, and also to check in real time the dough consistency. All parts in contact with the food, as bowl, spiral and dough splitting rod are in AISI 304 stainless steel. Dough weight 44 kg | Capacity 53 L | Power 1.50 kW | Voltage 230 V | Phases 1N+T | Frequency 50/60 Hz | Bowl 50x27 cm (Ø x H);53;cm;86;cm;72;cm;112;kg;3452;;EUR;;;Preparation> Mixers > Spiral mixers;Pizzagroup, Pizzeria, Pizza, Mixer;;;;simple;;Dough weight ( Kg);44;Capacity ( L);53;Power ( Kw);1.50;Bowl Size ( cm);50x27 cm;;;;;active;https://raw.githubusercontent.com/cooknation/pizzagroup/refs/heads/main/pizzagroup_video_IF53VS.mp4;https://raw.githubusercontent.com/cooknation/pizzagroup/refs/heads/main/pizzagroup_image_IF53VS.jpg;https://raw.githubusercontent.com/cooknation/pizzagroup/refs/heads/main/pizzagroup_image_2_IF53VS.jpg;https://raw.githubusercontent.com/cooknation/pizzagroup/refs/heads/main/pizzagroup_image_3_IF53VS.jpg;https://raw.githubusercontent.com/cooknation/pizzagroup/refs/heads/main/pizzagroup_datasheet_IF53VS.pdf;https://raw.githubusercontent.com/cooknation/pizzagroup/refs/heads/main/pizzagroup_manual_IF53VS.pdf;https://raw.githubusercontent.com/cooknation/pizzagroup/refs/heads/main/pizzagroup_technicalmanual_IF53VS.pdf;https://raw.githubusercontent.com/cooknation/pizzagroup/refs/heads/main/pizzagroup_drawing_IF53VS.pdf;https://raw.githubusercontent.com/cooknation/pizzagroup/refs/heads/main/pizzagroup_catalogue_IF53VS.pdf;https://raw.githubusercontent.com/cooknation/pizzagroup/refs/heads/main/pizzagroup_photo_IF53VS.jpg;https://raw.githubusercontent.com/cooknation/pizzagroup/refs/heads/main/pizzagroup_card_IF53VS.pdf;https://raw.githubusercontent.com/cooknation/pizzagroup/refs/heads/main/pizzagroup_brandcatalogue.pdf;https://raw.githubusercontent.com/cooknation/pizzagroup/refs/heads/main/pizzagroup_price.pdf
CKNPGRIFM10;IFM10;PIZZAGROUP;Spiral mixer;Spiral mixer, fixed head/bowl, single speed, monophase;The spiral mixer is the ideal machine for pizzerias, pastry-shops, bakeries and families. The particular shape of the spiral allows to obtain a perfectly mixed dough in few minutes. The grid allows to add ingredients, in all safety, while the machine is in use, and also to check in real time the dough consistency. All parts in contact with the food, as bowl, spiral and dough splitting rod are in AISI 304 stainless steel. Dough weight 8 kg | Capacity 10 L | Power 0.37 kW | Voltage 230 V | Phases 1N+T | Frequency 50 Hz | Bowl 26x20 cm (Ø x H);27;cm;54;cm;56;cm;48;kg;1438;;EUR;;;Preparation> Mixers > Spiral mixers;Pizzagroup, Pizzeria, Pizza, Mixer;;;;simple;;Dough weight ( Kg);8;Capacity ( L);10;Power ( Kw);0.37;Bowl Size ( cm);26x20 cm;;;;;active;https://raw.githubusercontent.com/cooknation/pizzagroup/refs/heads/main/pizzagroup_video_IFM10.mp4;https://raw.githubusercontent.com/cooknation/pizzagroup/refs/heads/main/pizzagroup_image_IFM10.jpg;https://raw.githubusercontent.com/cooknation/pizzagroup/refs/heads/main/pizzagroup_image_2_IFM10.jpg;https://raw.githubusercontent.com/cooknation/pizzagroup/refs/heads/main/pizzagroup_image_3_IFM10.jpg;https://raw.githubusercontent.com/cooknation/pizzagroup/refs/heads/main/pizzagroup_datasheet_IFM10.pdf;https://raw.githubusercontent.com/cooknation/pizzagroup/refs/heads/main/pizzagroup_manual_IFM10.pdf;https://raw.githubusercontent.com/cooknation/pizzagroup/refs/heads/main/pizzagroup_technicalmanual_IFM10.pdf;https://raw.githubusercontent.com/cooknation/pizzagroup/refs/heads/main/pizzagroup_drawing_IFM10.pdf;https://raw.githubusercontent.com/cooknation/pizzagroup/refs/heads/main/pizzagroup_catalogue_IFM10.pdf;https://raw.githubusercontent.com/cooknation/pizzagroup/refs/heads/main/pizzagroup_photo_IFM10.jpg;https://raw.githubusercontent.com/cooknation/pizzagroup/refs/heads/main/pizzagroup_card_IFM10.pdf;https://raw.githubusercontent.com/cooknation/pizzagroup/refs/heads/main/pizzagroup_brandcatalogue.pdf;https://raw.githubusercontent.com/cooknation/pizzagroup/refs/heads/main/pizzagroup_price.pdf
CKNPGRIFM15;IFM15;PIZZAGROUP;Spiral mixer;Spiral mixer, fixed head/bowl, single speed, monophase;The spiral mixer is the ideal machine for pizzerias, pastry-shops, bakeries and families. The particular shape of the spiral allows to obtain a perfectly mixed dough in few minutes. The grid allows to add ingredients, in all safety, while the machine is in use, and also to check in real time the dough consistency. All parts in contact with the food, as bowl, spiral and dough splitting rod are in AISI 304 stainless steel. Dough weight 10 kg | Capacity 15 L | Power 0.45 kW | Voltage 230 V | Phases 1N+T | Frequency 50 Hz | Bowl 30x21 cm (Ø x H);32;cm;59;cm;57;cm;50;kg;1585;;EUR;;;Preparation> Mixers > Spiral mixers;Pizzagroup, Pizzeria, Pizza, Mixer;;;;simple;;Dough weight ( Kg);10;Capacity ( L);15;Power ( Kw);0.45;Bowl Size ( cm);30x21 cm;;;;;active;https://raw.githubusercontent.com/cooknation/pizzagroup/refs/heads/main/pizzagroup_video_IFM15.mp4;https://raw.githubusercontent.com/cooknation/pizzagroup/refs/heads/main/pizzagroup_image_IFM15.jpg;https://raw.githubusercontent.com/cooknation/pizzagroup/refs/heads/main/pizzagroup_image_2_IFM15.jpg;https://raw.githubusercontent.com/cooknation/pizzagroup/refs/heads/main/pizzagroup_image_3_IFM15.jpg;https://raw.githubusercontent.com/cooknation/pizzagroup/refs/heads/main/pizzagroup_datasheet_IFM15.pdf;https://raw.githubusercontent.com/cooknation/pizzagroup/refs/heads/main/pizzagroup_manual_IFM15.pdf;https://raw.githubusercontent.com/cooknation/pizzagroup/refs/heads/main/pizzagroup_technicalmanual_IFM15.pdf;https://raw.githubusercontent.com/cooknation/pizzagroup/refs/heads/main/pizzagroup_drawing_IFM15.pdf;https://raw.githubusercontent.com/cooknation/pizzagroup/refs/heads/main/pizzagroup_catalogue_IFM15.pdf;https://raw.githubusercontent.com/cooknation/pizzagroup/refs/heads/main/pizzagroup_photo_IFM15.jpg;https://raw.githubusercontent.com/cooknation/pizzagroup/refs/heads/main/pizzagroup_card_IFM15.pdf;https://raw.githubusercontent.com/cooknation/pizzagroup/refs/heads/main/pizzagroup_brandcatalogue.pdf;https://raw.githubusercontent.com/cooknation/pizzagroup/refs/heads/main/pizzagroup_price.pdf
CKNPGRIFM17;IFM17;PIZZAGROUP;Spiral mixer;Spiral mixer, fixed head/bowl, single speed, monophase;The spiral mixer is the ideal machine for pizzerias, pastry-shops, bakeries and families. The particular shape of the spiral allows to obtain a perfectly mixed dough in few minutes. The grid allows to add ingredients, in all safety, while the machine is in use, and also to check in real time the dough consistency. All parts in contact with the food, as bowl, spiral and dough splitting rod are in AISI 304 stainless steel. Dough weight 12 kg | Capacity 17 L | Power 0.90 kW | Voltage 230 V | Phases 1N+T | Frequency 50 Hz | Bowl 32x21 cm (Ø x H);35;cm;66;cm;63;cm;79;kg;1865;;EUR;;;Preparation> Mixers > Spiral mixers;Pizzagroup, Pizzeria, Pizza, Mixer;;;;simple;;Dough weight ( Kg);12;Capacity ( L);17;Power ( Kw);0.90;Bowl Size ( cm);32x21 cm;;;;;active;https://raw.githubusercontent.com/cooknation/pizzagroup/refs/heads/main/pizzagroup_video_IFM17.mp4;https://raw.githubusercontent.com/cooknation/pizzagroup/refs/heads/main/pizzagroup_image_IFM17.jpg;https://raw.githubusercontent.com/cooknation/pizzagroup/refs/heads/main/pizzagroup_image_2_IFM17.jpg;https://raw.githubusercontent.com/cooknation/pizzagroup/refs/heads/main/pizzagroup_image_3_IFM17.jpg;https://raw.githubusercontent.com/cooknation/pizzagroup/refs/heads/main/pizzagroup_datasheet_IFM17.pdf;https://raw.githubusercontent.com/cooknation/pizzagroup/refs/heads/main/pizzagroup_manual_IFM17.pdf;https://raw.githubusercontent.com/cooknation/pizzagroup/refs/heads/main/pizzagroup_technicalmanual_IFM17.pdf;https://raw.githubusercontent.com/cooknation/pizzagroup/refs/heads/main/pizzagroup_drawing_IFM17.pdf;https://raw.githubusercontent.com/cooknation/pizzagroup/refs/heads/main/pizzagroup_catalogue_IFM17.pdf;https://raw.githubusercontent.com/cooknation/pizzagroup/refs/heads/main/pizzagroup_photo_IFM17.jpg;https://raw.githubusercontent.com/cooknation/pizzagroup/refs/heads/main/pizzagroup_card_IFM17.pdf;https://raw.githubusercontent.com/cooknation/pizzagroup/refs/heads/main/pizzagroup_brandcatalogue.pdf;https://raw.githubusercontent.com/cooknation/pizzagroup/refs/heads/main/pizzagroup_price.pdf
CKNPGRIFM22;IFM22;PIZZAGROUP;Spiral mixer;Spiral mixer, fixed head/bowl, single speed, monophase;The spiral mixer is the ideal machine for pizzerias, pastry-shops, bakeries and families. The particular shape of the spiral allows to obtain a perfectly mixed dough in few minutes. The grid allows to add ingredients, in all safety, while the machine is in use, and also to check in real time the dough consistency. All parts in contact with the food, as bowl, spiral and dough splitting rod are in AISI 304 stainless steel. Dough weight 18 kg | Capacity 22 L | Power 0.90 kW | Voltage 230 V | Phases 1N+T | Frequency 50 Hz | Bowl 36x21 cm (Ø x H);40;cm;69;cm;63;cm;82;kg;2003;;EUR;;;Preparation> Mixers > Spiral mixers;Pizzagroup, Pizzeria, Pizza, Mixer;;;;simple;;Dough weight ( Kg);18;Capacity ( L);22;Power ( Kw);0.90;Bowl Size ( cm);36x21 cm;;;;;active;https://raw.githubusercontent.com/cooknation/pizzagroup/refs/heads/main/pizzagroup_video_IFM22.mp4;https://raw.githubusercontent.com/cooknation/pizzagroup/refs/heads/main/pizzagroup_image_IFM22.jpg;https://raw.githubusercontent.com/cooknation/pizzagroup/refs/heads/main/pizzagroup_image_2_IFM22.jpg;https://raw.githubusercontent.com/cooknation/pizzagroup/refs/heads/main/pizzagroup_image_3_IFM22.jpg;https://raw.githubusercontent.com/cooknation/pizzagroup/refs/heads/main/pizzagroup_datasheet_IFM22.pdf;https://raw.githubusercontent.com/cooknation/pizzagroup/refs/heads/main/pizzagroup_manual_IFM22.pdf;https://raw.githubusercontent.com/cooknation/pizzagroup/refs/heads/main/pizzagroup_technicalmanual_IFM22.pdf;https://raw.githubusercontent.com/cooknation/pizzagroup/refs/heads/main/pizzagroup_drawing_IFM22.pdf;https://raw.githubusercontent.com/cooknation/pizzagroup/refs/heads/main/pizzagroup_catalogue_IFM22.pdf;https://raw.githubusercontent.com/cooknation/pizzagroup/refs/heads/main/pizzagroup_photo_IFM22.jpg;https://raw.githubusercontent.com/cooknation/pizzagroup/refs/heads/main/pizzagroup_card_IFM22.pdf;https://raw.githubusercontent.com/cooknation/pizzagroup/refs/heads/main/pizzagroup_brandcatalogue.pdf;https://raw.githubusercontent.com/cooknation/pizzagroup/refs/heads/main/pizzagroup_price.pdf
CKNPGRIFM33;IFM33;PIZZAGROUP;Spiral mixer;Spiral mixer, fixed head/bowl, single speed, monophase;The spiral mixer is the ideal machine for pizzerias, pastry-shops, bakeries and families. The particular shape of the spiral allows to obtain a perfectly mixed dough in few minutes. The grid allows to add ingredients, in all safety, while the machine is in use, and also to check in real time the dough consistency. All parts in contact with the food, as bowl, spiral and dough splitting rod are in AISI 304 stainless steel. Dough weight 25 kg | Capacity 33 L | Power 1.30 kW | Voltage 230 V | Phases 1N+T | Frequency 50 Hz | Bowl 40x26 cm (Ø x H) ;44;cm;83;cm;72;cm;110;kg;2385;;EUR;;;Preparation> Mixers > Spiral mixers;Pizzagroup, Pizzeria, Pizza, Mixer;;;;simple;;Dough weight ( Kg);25;Capacity ( L);33;Power ( Kw);1.30;Bowl Size ( cm);40x26 cm;;;;;active;https://raw.githubusercontent.com/cooknation/pizzagroup/refs/heads/main/pizzagroup_video_IFM33.mp4;https://raw.githubusercontent.com/cooknation/pizzagroup/refs/heads/main/pizzagroup_image_IFM33.jpg;https://raw.githubusercontent.com/cooknation/pizzagroup/refs/heads/main/pizzagroup_image_2_IFM33.jpg;https://raw.githubusercontent.com/cooknation/pizzagroup/refs/heads/main/pizzagroup_image_3_IFM33.jpg;https://raw.githubusercontent.com/cooknation/pizzagroup/refs/heads/main/pizzagroup_datasheet_IFM33.pdf;https://raw.githubusercontent.com/cooknation/pizzagroup/refs/heads/main/pizzagroup_manual_IFM33.pdf;https://raw.githubusercontent.com/cooknation/pizzagroup/refs/heads/main/pizzagroup_technicalmanual_IFM33.pdf;https://raw.githubusercontent.com/cooknation/pizzagroup/refs/heads/main/pizzagroup_drawing_IFM33.pdf;https://raw.githubusercontent.com/cooknation/pizzagroup/refs/heads/main/pizzagroup_catalogue_IFM33.pdf;https://raw.githubusercontent.com/cooknation/pizzagroup/refs/heads/main/pizzagroup_photo_IFM33.jpg;https://raw.githubusercontent.com/cooknation/pizzagroup/refs/heads/main/pizzagroup_card_IFM33.pdf;https://raw.githubusercontent.com/cooknation/pizzagroup/refs/heads/main/pizzagroup_brandcatalogue.pdf;https://raw.githubusercontent.com/cooknation/pizzagroup/refs/heads/main/pizzagroup_price.pdf
CKNPGRIFM7;IFM7;PIZZAGROUP;Spiral mixer;Spiral mixer, fixed head/bowl, single speed, monophase;The spiral mixer is the ideal machine for pizzerias, pastry-shops, bakeries and families. The particular shape of the spiral allows to obtain a perfectly mixed dough in few minutes. The grid allows to add ingredients, in all safety, while the machine is in use, and also to check in real time the dough consistency. All parts in contact with the food, as bowl, spiral and dough splitting rod are in AISI 304 stainless steel. Dough weight 6 kg | Capacity 7 L | Power 0.30 kW | Voltage 230 V | Phases 1N+T | Frequency 50 Hz | Bowl 24x16 cm (Ø x H);25;cm;50;cm;51;cm;41;kg;1330;;EUR;;;Preparation> Mixers > Spiral mixers;Pizzagroup, Pizzeria, Pizza, Mixer;;;;simple;;Dough weight ( Kg);6;Capacity ( L);7;Power ( Kw);0.30;Bowl Size ( cm);24x16 cm;;;;;active;https://raw.githubusercontent.com/cooknation/pizzagroup/refs/heads/main/pizzagroup_video_IFM7.mp4;https://raw.githubusercontent.com/cooknation/pizzagroup/refs/heads/main/pizzagroup_image_IFM7.jpg;https://raw.githubusercontent.com/cooknation/pizzagroup/refs/heads/main/pizzagroup_image_2_IFM7.jpg;https://raw.githubusercontent.com/cooknation/pizzagroup/refs/heads/main/pizzagroup_image_3_IFM7.jpg;https://raw.githubusercontent.com/cooknation/pizzagroup/refs/heads/main/pizzagroup_datasheet_IFM7.pdf;https://raw.githubusercontent.com/cooknation/pizzagroup/refs/heads/main/pizzagroup_manual_IFM7.pdf;https://raw.githubusercontent.com/cooknation/pizzagroup/refs/heads/main/pizzagroup_technicalmanual_IFM7.pdf;https://raw.githubusercontent.com/cooknation/pizzagroup/refs/heads/main/pizzagroup_drawing_IFM7.pdf;https://raw.githubusercontent.com/cooknation/pizzagroup/refs/heads/main/pizzagroup_catalogue_IFM7.pdf;https://raw.githubusercontent.com/cooknation/pizzagroup/refs/heads/main/pizzagroup_photo_IFM7.jpg;https://raw.githubusercontent.com/cooknation/pizzagroup/refs/heads/main/pizzagroup_card_IFM7.pdf;https://raw.githubusercontent.com/cooknation/pizzagroup/refs/heads/main/pizzagroup_brandcatalogue.pdf;https://raw.githubusercontent.com/cooknation/pizzagroup/refs/heads/main/pizzagroup_price.pdf
CKNPGRIR17VS;IR17VS;PIZZAGROUP;Spiral mixer;Spiral mixer, rising top & extractible bowl;The spiral mixer is the ideal machine for pizzerias, pastry-shops, bakeries and families. The particular shape of the spiral allows to obtain a perfectly mixed dough in few minutes. The grid allows to add ingredients, in all safety, while the machine is in use, and also to check in real time the dough consistency. All parts in contact with the food, as bowl, spiral and dough splitting rod are in AISI 304 stainless steel. Dough weight 12 kg | Capacity 17 L | Power 0,75 kW | Voltage 230 V | Phases 1N+T | Frequency 50/60 Hz | Bowl 32x21 cm (Ø x H);37;cm;68;cm;64;cm;91;kg;2901;;EUR;;;Preparation> Mixers > Spiral mixers;Pizzagroup, Pizzeria, Pizza, Mixer;;;;simple;;Dough weight ( Kg);12;Capacity ( L);17;Power ( Kw);0,75;Bowl Size ( cm);32x21 cm;;;;;active;https://raw.githubusercontent.com/cooknation/pizzagroup/refs/heads/main/pizzagroup_video_IR17VS.mp4;https://raw.githubusercontent.com/cooknation/pizzagroup/refs/heads/main/pizzagroup_image_IR17VS.jpg;https://raw.githubusercontent.com/cooknation/pizzagroup/refs/heads/main/pizzagroup_image_2_IR17VS.jpg;https://raw.githubusercontent.com/cooknation/pizzagroup/refs/heads/main/pizzagroup_image_3_IR17VS.jpg;https://raw.githubusercontent.com/cooknation/pizzagroup/refs/heads/main/pizzagroup_datasheet_IR17VS.pdf;https://raw.githubusercontent.com/cooknation/pizzagroup/refs/heads/main/pizzagroup_manual_IR17VS.pdf;https://raw.githubusercontent.com/cooknation/pizzagroup/refs/heads/main/pizzagroup_technicalmanual_IR17VS.pdf;https://raw.githubusercontent.com/cooknation/pizzagroup/refs/heads/main/pizzagroup_drawing_IR17VS.pdf;https://raw.githubusercontent.com/cooknation/pizzagroup/refs/heads/main/pizzagroup_catalogue_IR17VS.pdf;https://raw.githubusercontent.com/cooknation/pizzagroup/refs/heads/main/pizzagroup_photo_IR17VS.jpg;https://raw.githubusercontent.com/cooknation/pizzagroup/refs/heads/main/pizzagroup_card_IR17VS.pdf;https://raw.githubusercontent.com/cooknation/pizzagroup/refs/heads/main/pizzagroup_brandcatalogue.pdf;https://raw.githubusercontent.com/cooknation/pizzagroup/refs/heads/main/pizzagroup_price.pdf
CKNPGRIR22;IR22;PIZZAGROUP;Spiral mixer;Spiral mixer, rising top & extractible bowl;The spiral mixer is the ideal machine for pizzerias, pastry-shops, bakeries and families. The particular shape of the spiral allows to obtain a perfectly mixed dough in few minutes. The grid allows to add ingredients, in all safety, while the machine is in use, and also to check in real time the dough consistency. All parts in contact with the food, as bowl, spiral and dough splitting rod are in AISI 304 stainless steel. Dough weight 18 kg | Capacity 22 L | Power 0,75 kW | Voltage 400 V | Phases 3+T | Frequency 50 Hz | Bowl 36x21 cm (Ø x H);42;cm;72;cm;64;cm;93;kg;2511;;EUR;;;Preparation> Mixers > Spiral mixers;Pizzagroup, Pizzeria, Pizza, Mixer;;;;simple;;Dough weight ( Kg);18;Capacity ( L);22;Power ( Kw);0,75;Bowl Size ( cm);36x21 cm;;;;;active;https://raw.githubusercontent.com/cooknation/pizzagroup/refs/heads/main/pizzagroup_video_IR22.mp4;https://raw.githubusercontent.com/cooknation/pizzagroup/refs/heads/main/pizzagroup_image_IR22.jpg;https://raw.githubusercontent.com/cooknation/pizzagroup/refs/heads/main/pizzagroup_image_2_IR22.jpg;https://raw.githubusercontent.com/cooknation/pizzagroup/refs/heads/main/pizzagroup_image_3_IR22.jpg;https://raw.githubusercontent.com/cooknation/pizzagroup/refs/heads/main/pizzagroup_datasheet_IR22.pdf;https://raw.githubusercontent.com/cooknation/pizzagroup/refs/heads/main/pizzagroup_manual_IR22.pdf;https://raw.githubusercontent.com/cooknation/pizzagroup/refs/heads/main/pizzagroup_technicalmanual_IR22.pdf;https://raw.githubusercontent.com/cooknation/pizzagroup/refs/heads/main/pizzagroup_drawing_IR22.pdf;https://raw.githubusercontent.com/cooknation/pizzagroup/refs/heads/main/pizzagroup_catalogue_IR22.pdf;https://raw.githubusercontent.com/cooknation/pizzagroup/refs/heads/main/pizzagroup_photo_IR22.jpg;https://raw.githubusercontent.com/cooknation/pizzagroup/refs/heads/main/pizzagroup_card_IR22.pdf;https://raw.githubusercontent.com/cooknation/pizzagroup/refs/heads/main/pizzagroup_brandcatalogue.pdf;https://raw.githubusercontent.com/cooknation/pizzagroup/refs/heads/main/pizzagroup_price.pdf
CKNPGRIR222V;IR222V;PIZZAGROUP;Spiral mixer;Spiral mixer, rising top & extractible bowl, 2 speeds;The spiral mixer is the ideal machine for pizzerias, pastry-shops, bakeries and families. The particular shape of the spiral allows to obtain a perfectly mixed dough in few minutes. The grid allows to add ingredients, in all safety, while the machine is in use, and also to check in real time the dough consistency. All parts in contact with the food, as bowl, spiral and dough splitting rod are in AISI 304 stainless steel. Dough weight 18 kg | Capacity 22 L | Power 0.55/0.75 kW | Voltage 400 V | Phases 3+T | Frequency 50 Hz | Bowl 36x21 cm (Ø x H);42;cm;72;cm;64;cm;93;kg;2791;;EUR;;;Preparation> Mixers > Spiral mixers;Pizzagroup, Pizzeria, Pizza, Mixer;;;;simple;;Dough weight ( Kg);18;Capacity ( L);22;Power ( Kw);0.55/0.75;Bowl Size ( cm);36x21 cm;;;;;active;https://raw.githubusercontent.com/cooknation/pizzagroup/refs/heads/main/pizzagroup_video_IR222V.mp4;https://raw.githubusercontent.com/cooknation/pizzagroup/refs/heads/main/pizzagroup_image_IR222V.jpg;https://raw.githubusercontent.com/cooknation/pizzagroup/refs/heads/main/pizzagroup_image_2_IR222V.jpg;https://raw.githubusercontent.com/cooknation/pizzagroup/refs/heads/main/pizzagroup_image_3_IR222V.jpg;https://raw.githubusercontent.com/cooknation/pizzagroup/refs/heads/main/pizzagroup_datasheet_IR222V.pdf;https://raw.githubusercontent.com/cooknation/pizzagroup/refs/heads/main/pizzagroup_manual_IR222V.pdf;https://raw.githubusercontent.com/cooknation/pizzagroup/refs/heads/main/pizzagroup_technicalmanual_IR222V.pdf;https://raw.githubusercontent.com/cooknation/pizzagroup/refs/heads/main/pizzagroup_drawing_IR222V.pdf;https://raw.githubusercontent.com/cooknation/pizzagroup/refs/heads/main/pizzagroup_catalogue_IR222V.pdf;https://raw.githubusercontent.com/cooknation/pizzagroup/refs/heads/main/pizzagroup_photo_IR222V.jpg;https://raw.githubusercontent.com/cooknation/pizzagroup/refs/heads/main/pizzagroup_card_IR222V.pdf;https://raw.githubusercontent.com/cooknation/pizzagroup/refs/heads/main/pizzagroup_brandcatalogue.pdf;https://raw.githubusercontent.com/cooknation/pizzagroup/refs/heads/main/pizzagroup_price.pdf
CKNPGRIR22VS;IR22VS;PIZZAGROUP;Spiral mixer;Spiral mixer, rising top & extractible bowl;The spiral mixer is the ideal machine for pizzerias, pastry-shops, bakeries and families. The particular shape of the spiral allows to obtain a perfectly mixed dough in few minutes. The grid allows to add ingredients, in all safety, while the machine is in use, and also to check in real time the dough consistency. All parts in contact with the food, as bowl, spiral and dough splitting rod are in AISI 304 stainless steel. Dough weight 18 kg | Capacity 22 L | Power 0,75 kW | Voltage 230 V | Phases 1N+T | Frequency 50/60 Hz | Bowl 36x21 cm (Ø x H);42;cm;72;cm;64;cm;94;kg;3060;;EUR;;;Preparation> Mixers > Spiral mixers;Pizzagroup, Pizzeria, Pizza, Mixer;;;;simple;;Dough weight ( Kg);18;Capacity ( L);22;Power ( Kw);0,75;Bowl Size ( cm);36x21 cm;;;;;active;https://raw.githubusercontent.com/cooknation/pizzagroup/refs/heads/main/pizzagroup_video_IR22VS.mp4;https://raw.githubusercontent.com/cooknation/pizzagroup/refs/heads/main/pizzagroup_image_IR22VS.jpg;https://raw.githubusercontent.com/cooknation/pizzagroup/refs/heads/main/pizzagroup_image_2_IR22VS.jpg;https://raw.githubusercontent.com/cooknation/pizzagroup/refs/heads/main/pizzagroup_image_3_IR22VS.jpg;https://raw.githubusercontent.com/cooknation/pizzagroup/refs/heads/main/pizzagroup_datasheet_IR22VS.pdf;https://raw.githubusercontent.com/cooknation/pizzagroup/refs/heads/main/pizzagroup_manual_IR22VS.pdf;https://raw.githubusercontent.com/cooknation/pizzagroup/refs/heads/main/pizzagroup_technicalmanual_IR22VS.pdf;https://raw.githubusercontent.com/cooknation/pizzagroup/refs/heads/main/pizzagroup_drawing_IR22VS.pdf;https://raw.githubusercontent.com/cooknation/pizzagroup/refs/heads/main/pizzagroup_catalogue_IR22VS.pdf;https://raw.githubusercontent.com/cooknation/pizzagroup/refs/heads/main/pizzagroup_photo_IR22VS.jpg;https://raw.githubusercontent.com/cooknation/pizzagroup/refs/heads/main/pizzagroup_card_IR22VS.pdf;https://raw.githubusercontent.com/cooknation/pizzagroup/refs/heads/main/pizzagroup_brandcatalogue.pdf;https://raw.githubusercontent.com/cooknation/pizzagroup/refs/heads/main/pizzagroup_price.pdf
CKNPGRIR33;IR33;PIZZAGROUP;Spiral mixer;Spiral mixer, rising top & extractible bowl;The spiral mixer is the ideal machine for pizzerias, pastry-shops, bakeries and families. The particular shape of the spiral allows to obtain a perfectly mixed dough in few minutes. The grid allows to add ingredients, in all safety, while the machine is in use, and also to check in real time the dough consistency. All parts in contact with the food, as bowl, spiral and dough splitting rod are in AISI 304 stainless steel. Dough weight 25 kg | Capacity 33 L | Power 1,50 kW | Voltage 400 V | Phases 3+T | Frequency 50 Hz | Bowl 40x26 cm (Ø x H);46;cm;84;cm;73;cm;126;kg;2874;;EUR;;;Preparation> Mixers > Spiral mixers;Pizzagroup, Pizzeria, Pizza, Mixer;;;;simple;;Dough weight ( Kg);25;Capacity ( L);33;Power ( Kw);1,50;Bowl Size ( cm);40x26 cm;;;;;active;https://raw.githubusercontent.com/cooknation/pizzagroup/refs/heads/main/pizzagroup_video_IR33.mp4;https://raw.githubusercontent.com/cooknation/pizzagroup/refs/heads/main/pizzagroup_image_IR33.jpg;https://raw.githubusercontent.com/cooknation/pizzagroup/refs/heads/main/pizzagroup_image_2_IR33.jpg;https://raw.githubusercontent.com/cooknation/pizzagroup/refs/heads/main/pizzagroup_image_3_IR33.jpg;https://raw.githubusercontent.com/cooknation/pizzagroup/refs/heads/main/pizzagroup_datasheet_IR33.pdf;https://raw.githubusercontent.com/cooknation/pizzagroup/refs/heads/main/pizzagroup_manual_IR33.pdf;https://raw.githubusercontent.com/cooknation/pizzagroup/refs/heads/main/pizzagroup_technicalmanual_IR33.pdf;https://raw.githubusercontent.com/cooknation/pizzagroup/refs/heads/main/pizzagroup_drawing_IR33.pdf;https://raw.githubusercontent.com/cooknation/pizzagroup/refs/heads/main/pizzagroup_catalogue_IR33.pdf;https://raw.githubusercontent.com/cooknation/pizzagroup/refs/heads/main/pizzagroup_photo_IR33.jpg;https://raw.githubusercontent.com/cooknation/pizzagroup/refs/heads/main/pizzagroup_card_IR33.pdf;https://raw.githubusercontent.com/cooknation/pizzagroup/refs/heads/main/pizzagroup_brandcatalogue.pdf;https://raw.githubusercontent.com/cooknation/pizzagroup/refs/heads/main/pizzagroup_price.pdf
CKNPGRIR332V;IR332V;PIZZAGROUP;Spiral mixer;Spiral mixer, rising top & extractible bowl, 2 speeds;The spiral mixer is the ideal machine for pizzerias, pastry-shops, bakeries and families. The particular shape of the spiral allows to obtain a perfectly mixed dough in few minutes. The grid allows to add ingredients, in all safety, while the machine is in use, and also to check in real time the dough consistency. All parts in contact with the food, as bowl, spiral and dough splitting rod are in AISI 304 stainless steel. Dough weight 25 kg | Capacity 33 L | Power 0,90/1,20 kW | Voltage 400 V | Phases 3+T | Frequency 50 Hz | Bowl 40x26 cm (Ø x H);46;cm;84;cm;73;cm;125;kg;3156;;EUR;;;Preparation> Mixers > Spiral mixers;Pizzagroup, Pizzeria, Pizza, Mixer;;;;simple;;Dough weight ( Kg);25;Capacity ( L);33;Power ( Kw);0,90/1,20;Bowl Size ( cm);40x26 cm;;;;;active;https://raw.githubusercontent.com/cooknation/pizzagroup/refs/heads/main/pizzagroup_video_IR332V.mp4;https://raw.githubusercontent.com/cooknation/pizzagroup/refs/heads/main/pizzagroup_image_IR332V.jpg;https://raw.githubusercontent.com/cooknation/pizzagroup/refs/heads/main/pizzagroup_image_2_IR332V.jpg;https://raw.githubusercontent.com/cooknation/pizzagroup/refs/heads/main/pizzagroup_image_3_IR332V.jpg;https://raw.githubusercontent.com/cooknation/pizzagroup/refs/heads/main/pizzagroup_datasheet_IR332V.pdf;https://raw.githubusercontent.com/cooknation/pizzagroup/refs/heads/main/pizzagroup_manual_IR332V.pdf;https://raw.githubusercontent.com/cooknation/pizzagroup/refs/heads/main/pizzagroup_technicalmanual_IR332V.pdf;https://raw.githubusercontent.com/cooknation/pizzagroup/refs/heads/main/pizzagroup_drawing_IR332V.pdf;https://raw.githubusercontent.com/cooknation/pizzagroup/refs/heads/main/pizzagroup_catalogue_IR332V.pdf;https://raw.githubusercontent.com/cooknation/pizzagroup/refs/heads/main/pizzagroup_photo_IR332V.jpg;https://raw.githubusercontent.com/cooknation/pizzagroup/refs/heads/main/pizzagroup_card_IR332V.pdf;https://raw.githubusercontent.com/cooknation/pizzagroup/refs/heads/main/pizzagroup_brandcatalogue.pdf;https://raw.githubusercontent.com/cooknation/pizzagroup/refs/heads/main/pizzagroup_price.pdf
CKNPGRIR33VS;IR33VS;PIZZAGROUP;Spiral mixer;Spiral mixer, rising top & extractible bowl;The spiral mixer is the ideal machine for pizzerias, pastry-shops, bakeries and families. The particular shape of the spiral allows to obtain a perfectly mixed dough in few minutes. The grid allows to add ingredients, in all safety, while the machine is in use, and also to check in real time the dough consistency. All parts in contact with the food, as bowl, spiral and dough splitting rod are in AISI 304 stainless steel. Dough weight 25 kg | Capacity 33 L | Power 1,50 kW | Voltage 230 V | Phases 1N+T | Frequency 50/60 Hz | Bowl 40x26 cm (Ø x H);46;cm;84;cm;73;cm;127;kg;3452;;EUR;;;Preparation> Mixers > Spiral mixers;Pizzagroup, Pizzeria, Pizza, Mixer;;;;simple;;Dough weight ( Kg);25;Capacity ( L);33;Power ( Kw);1,50;Bowl Size ( cm);40x26 cm;;;;;active;https://raw.githubusercontent.com/cooknation/pizzagroup/refs/heads/main/pizzagroup_video_IR33VS.mp4;https://raw.githubusercontent.com/cooknation/pizzagroup/refs/heads/main/pizzagroup_image_IR33VS.jpg;https://raw.githubusercontent.com/cooknation/pizzagroup/refs/heads/main/pizzagroup_image_2_IR33VS.jpg;https://raw.githubusercontent.com/cooknation/pizzagroup/refs/heads/main/pizzagroup_image_3_IR33VS.jpg;https://raw.githubusercontent.com/cooknation/pizzagroup/refs/heads/main/pizzagroup_datasheet_IR33VS.pdf;https://raw.githubusercontent.com/cooknation/pizzagroup/refs/heads/main/pizzagroup_manual_IR33VS.pdf;https://raw.githubusercontent.com/cooknation/pizzagroup/refs/heads/main/pizzagroup_technicalmanual_IR33VS.pdf;https://raw.githubusercontent.com/cooknation/pizzagroup/refs/heads/main/pizzagroup_drawing_IR33VS.pdf;https://raw.githubusercontent.com/cooknation/pizzagroup/refs/heads/main/pizzagroup_catalogue_IR33VS.pdf;https://raw.githubusercontent.com/cooknation/pizzagroup/refs/heads/main/pizzagroup_photo_IR33VS.jpg;https://raw.githubusercontent.com/cooknation/pizzagroup/refs/heads/main/pizzagroup_card_IR33VS.pdf;https://raw.githubusercontent.com/cooknation/pizzagroup/refs/heads/main/pizzagroup_brandcatalogue.pdf;https://raw.githubusercontent.com/cooknation/pizzagroup/refs/heads/main/pizzagroup_price.pdf
CKNPGRIR42;IR42;PIZZAGROUP;Spiral mixer;Spiral mixer, rising top & extractible bowl;The spiral mixer is the ideal machine for pizzerias, pastry-shops, bakeries and families. The particular shape of the spiral allows to obtain a perfectly mixed dough in few minutes. The grid allows to add ingredients, in all safety, while the machine is in use, and also to check in real time the dough consistency. All parts in contact with the food, as bowl, spiral and dough splitting rod are in AISI 304 stainless steel. Dough weight 38 kg | Capacity 42 L | Power 1,50 kW | Voltage 400 V | Phases 3+T | Frequency 50 Hz | Bowl 45x26 cm (Ø x H);49;cm;86;cm;73;cm;130;kg;3360;;EUR;;;Preparation> Mixers > Spiral mixers;Pizzagroup, Pizzeria, Pizza, Mixer;;;;simple;;Dough weight ( Kg);38;Capacity ( L);42;Power ( Kw);1,50;Bowl Size ( cm);45x26 cm;;;;;active;https://raw.githubusercontent.com/cooknation/pizzagroup/refs/heads/main/pizzagroup_video_IR42.mp4;https://raw.githubusercontent.com/cooknation/pizzagroup/refs/heads/main/pizzagroup_image_IR42.jpg;https://raw.githubusercontent.com/cooknation/pizzagroup/refs/heads/main/pizzagroup_image_2_IR42.jpg;https://raw.githubusercontent.com/cooknation/pizzagroup/refs/heads/main/pizzagroup_image_3_IR42.jpg;https://raw.githubusercontent.com/cooknation/pizzagroup/refs/heads/main/pizzagroup_datasheet_IR42.pdf;https://raw.githubusercontent.com/cooknation/pizzagroup/refs/heads/main/pizzagroup_manual_IR42.pdf;https://raw.githubusercontent.com/cooknation/pizzagroup/refs/heads/main/pizzagroup_technicalmanual_IR42.pdf;https://raw.githubusercontent.com/cooknation/pizzagroup/refs/heads/main/pizzagroup_drawing_IR42.pdf;https://raw.githubusercontent.com/cooknation/pizzagroup/refs/heads/main/pizzagroup_catalogue_IR42.pdf;https://raw.githubusercontent.com/cooknation/pizzagroup/refs/heads/main/pizzagroup_photo_IR42.jpg;https://raw.githubusercontent.com/cooknation/pizzagroup/refs/heads/main/pizzagroup_card_IR42.pdf;https://raw.githubusercontent.com/cooknation/pizzagroup/refs/heads/main/pizzagroup_brandcatalogue.pdf;https://raw.githubusercontent.com/cooknation/pizzagroup/refs/heads/main/pizzagroup_price.pdf
CKNPGRIR422V;IR422V;PIZZAGROUP;Spiral mixer;Spiral mixer, rising top & extractible bowl, 2 speeds;The spiral mixer is the ideal machine for pizzerias, pastry-shops, bakeries and families. The particular shape of the spiral allows to obtain a perfectly mixed dough in few minutes. The grid allows to add ingredients, in all safety, while the machine is in use, and also to check in real time the dough consistency. All parts in contact with the food, as bowl, spiral and dough splitting rod are in AISI 304 stainless steel. Dough weight 38 kg | Capacity 42 L | Power 1.10/1.50 kW | Voltage 400 V | Phases 3+T | Frequency 50 Hz | Bowl 45x26 cm (Ø x H);49;cm;86;cm;73;cm;129;kg;3639;;EUR;;;Preparation> Mixers > Spiral mixers;Pizzagroup, Pizzeria, Pizza, Mixer;;;;simple;;Dough weight ( Kg);38;Capacity ( L);42;Power ( Kw);1.10/1.50;Bowl Size ( cm);45x26 cm;;;;;active;https://raw.githubusercontent.com/cooknation/pizzagroup/refs/heads/main/pizzagroup_video_IR422V.mp4;https://raw.githubusercontent.com/cooknation/pizzagroup/refs/heads/main/pizzagroup_image_IR422V.jpg;https://raw.githubusercontent.com/cooknation/pizzagroup/refs/heads/main/pizzagroup_image_2_IR422V.jpg;https://raw.githubusercontent.com/cooknation/pizzagroup/refs/heads/main/pizzagroup_image_3_IR422V.jpg;https://raw.githubusercontent.com/cooknation/pizzagroup/refs/heads/main/pizzagroup_datasheet_IR422V.pdf;https://raw.githubusercontent.com/cooknation/pizzagroup/refs/heads/main/pizzagroup_manual_IR422V.pdf;https://raw.githubusercontent.com/cooknation/pizzagroup/refs/heads/main/pizzagroup_technicalmanual_IR422V.pdf;https://raw.githubusercontent.com/cooknation/pizzagroup/refs/heads/main/pizzagroup_drawing_IR422V.pdf;https://raw.githubusercontent.com/cooknation/pizzagroup/refs/heads/main/pizzagroup_catalogue_IR422V.pdf;https://raw.githubusercontent.com/cooknation/pizzagroup/refs/heads/main/pizzagroup_photo_IR422V.jpg;https://raw.githubusercontent.com/cooknation/pizzagroup/refs/heads/main/pizzagroup_card_IR422V.pdf;https://raw.githubusercontent.com/cooknation/pizzagroup/refs/heads/main/pizzagroup_brandcatalogue.pdf;https://raw.githubusercontent.com/cooknation/pizzagroup/refs/heads/main/pizzagroup_price.pdf
CKNPGRIR42VS;IR42VS;PIZZAGROUP;Spiral mixer;Spiral mixer, rising top & extractible bowl;The spiral mixer is the ideal machine for pizzerias, pastry-shops, bakeries and families. The particular shape of the spiral allows to obtain a perfectly mixed dough in few minutes. The grid allows to add ingredients, in all safety, while the machine is in use, and also to check in real time the dough consistency. All parts in contact with the food, as bowl, spiral and dough splitting rod are in AISI 304 stainless steel. Dough weight 38 kg | Capacity 42 L | Power 1,50 kW | Voltage 230 V | Phases 1N+T | Frequency 50/60 Hz | Bowl 45x26 cm (Ø x H);49;cm;86;cm;73;cm;131;kg;3660;;EUR;;;Preparation> Mixers > Spiral mixers;Pizzagroup, Pizzeria, Pizza, Mixer;;;;simple;;Dough weight ( Kg);38;Capacity ( L);42;Power ( Kw);1,50;Bowl Size ( cm);45x26 cm;;;;;active;https://raw.githubusercontent.com/cooknation/pizzagroup/refs/heads/main/pizzagroup_video_IR42VS.mp4;https://raw.githubusercontent.com/cooknation/pizzagroup/refs/heads/main/pizzagroup_image_IR42VS.jpg;https://raw.githubusercontent.com/cooknation/pizzagroup/refs/heads/main/pizzagroup_image_2_IR42VS.jpg;https://raw.githubusercontent.com/cooknation/pizzagroup/refs/heads/main/pizzagroup_image_3_IR42VS.jpg;https://raw.githubusercontent.com/cooknation/pizzagroup/refs/heads/main/pizzagroup_datasheet_IR42VS.pdf;https://raw.githubusercontent.com/cooknation/pizzagroup/refs/heads/main/pizzagroup_manual_IR42VS.pdf;https://raw.githubusercontent.com/cooknation/pizzagroup/refs/heads/main/pizzagroup_technicalmanual_IR42VS.pdf;https://raw.githubusercontent.com/cooknation/pizzagroup/refs/heads/main/pizzagroup_drawing_IR42VS.pdf;https://raw.githubusercontent.com/cooknation/pizzagroup/refs/heads/main/pizzagroup_catalogue_IR42VS.pdf;https://raw.githubusercontent.com/cooknation/pizzagroup/refs/heads/main/pizzagroup_photo_IR42VS.jpg;https://raw.githubusercontent.com/cooknation/pizzagroup/refs/heads/main/pizzagroup_card_IR42VS.pdf;https://raw.githubusercontent.com/cooknation/pizzagroup/refs/heads/main/pizzagroup_brandcatalogue.pdf;https://raw.githubusercontent.com/cooknation/pizzagroup/refs/heads/main/pizzagroup_price.pdf
CKNPGRIR53;IR53;PIZZAGROUP;Spiral mixer;Spiral mixer, rising top & extractible bowl;The spiral mixer is the ideal machine for pizzerias, pastry-shops, bakeries and families. The particular shape of the spiral allows to obtain a perfectly mixed dough in few minutes. The grid allows to add ingredients, in all safety, while the machine is in use, and also to check in real time the dough consistency. All parts in contact with the food, as bowl, spiral and dough splitting rod are in AISI 304 stainless steel. Dough weight 44 kg | Capacity 53 L | Power 1,50 kW | Voltage 400 V | Phases 3+T | Frequency 50 Hz | Bowl 50x27 cm (Ø x H);55;cm;87;cm;73;cm;134;kg;3437;;EUR;;;Preparation> Mixers > Spiral mixers;Pizzagroup, Pizzeria, Pizza, Mixer;;;;simple;;Dough weight ( Kg);44;Capacity ( L);53;Power ( Kw);1,50;Bowl Size ( cm);50x27 cm;;;;;active;https://raw.githubusercontent.com/cooknation/pizzagroup/refs/heads/main/pizzagroup_video_IR53.mp4;https://raw.githubusercontent.com/cooknation/pizzagroup/refs/heads/main/pizzagroup_image_IR53.jpg;https://raw.githubusercontent.com/cooknation/pizzagroup/refs/heads/main/pizzagroup_image_2_IR53.jpg;https://raw.githubusercontent.com/cooknation/pizzagroup/refs/heads/main/pizzagroup_image_3_IR53.jpg;https://raw.githubusercontent.com/cooknation/pizzagroup/refs/heads/main/pizzagroup_datasheet_IR53.pdf;https://raw.githubusercontent.com/cooknation/pizzagroup/refs/heads/main/pizzagroup_manual_IR53.pdf;https://raw.githubusercontent.com/cooknation/pizzagroup/refs/heads/main/pizzagroup_technicalmanual_IR53.pdf;https://raw.githubusercontent.com/cooknation/pizzagroup/refs/heads/main/pizzagroup_drawing_IR53.pdf;https://raw.githubusercontent.com/cooknation/pizzagroup/refs/heads/main/pizzagroup_catalogue_IR53.pdf;https://raw.githubusercontent.com/cooknation/pizzagroup/refs/heads/main/pizzagroup_photo_IR53.jpg;https://raw.githubusercontent.com/cooknation/pizzagroup/refs/heads/main/pizzagroup_card_IR53.pdf;https://raw.githubusercontent.com/cooknation/pizzagroup/refs/heads/main/pizzagroup_brandcatalogue.pdf;https://raw.githubusercontent.com/cooknation/pizzagroup/refs/heads/main/pizzagroup_price.pdf
CKNPGRIR532V;IR532V;PIZZAGROUP;Spiral mixer;Spiral mixer, rising top & extractible bowl, 2 speeds;The spiral mixer is the ideal machine for pizzerias, pastry-shops, bakeries and families. The particular shape of the spiral allows to obtain a perfectly mixed dough in few minutes. The grid allows to add ingredients, in all safety, while the machine is in use, and also to check in real time the dough consistency. All parts in contact with the food, as bowl, spiral and dough splitting rod are in AISI 304 stainless steel. Dough weight 44 kg | Capacity 53 L | Power 1.10/1.50 kW | Voltage 400 V | Phases 3+T | Frequency 50 Hz | Bowl 50x27 cm (Ø x H) ;55;cm;87;cm;73;cm;133;kg;3719;;EUR;;;Preparation> Mixers > Spiral mixers;Pizzagroup, Pizzeria, Pizza, Mixer;;;;simple;;Dough weight ( Kg);44;Capacity ( L);53;Power ( Kw);1.10/1.50;Bowl Size ( cm);50x27 cm;;;;;active;https://raw.githubusercontent.com/cooknation/pizzagroup/refs/heads/main/pizzagroup_video_IR532V.mp4;https://raw.githubusercontent.com/cooknation/pizzagroup/refs/heads/main/pizzagroup_image_IR532V.jpg;https://raw.githubusercontent.com/cooknation/pizzagroup/refs/heads/main/pizzagroup_image_2_IR532V.jpg;https://raw.githubusercontent.com/cooknation/pizzagroup/refs/heads/main/pizzagroup_image_3_IR532V.jpg;https://raw.githubusercontent.com/cooknation/pizzagroup/refs/heads/main/pizzagroup_datasheet_IR532V.pdf;https://raw.githubusercontent.com/cooknation/pizzagroup/refs/heads/main/pizzagroup_manual_IR532V.pdf;https://raw.githubusercontent.com/cooknation/pizzagroup/refs/heads/main/pizzagroup_technicalmanual_IR532V.pdf;https://raw.githubusercontent.com/cooknation/pizzagroup/refs/heads/main/pizzagroup_drawing_IR532V.pdf;https://raw.githubusercontent.com/cooknation/pizzagroup/refs/heads/main/pizzagroup_catalogue_IR532V.pdf;https://raw.githubusercontent.com/cooknation/pizzagroup/refs/heads/main/pizzagroup_photo_IR532V.jpg;https://raw.githubusercontent.com/cooknation/pizzagroup/refs/heads/main/pizzagroup_card_IR532V.pdf;https://raw.githubusercontent.com/cooknation/pizzagroup/refs/heads/main/pizzagroup_brandcatalogue.pdf;https://raw.githubusercontent.com/cooknation/pizzagroup/refs/heads/main/pizzagroup_price.pdf
CKNPGRIR53VS;IR53VS;PIZZAGROUP;Spiral mixer;Spiral mixer, rising top & extractible bowl;The spiral mixer is the ideal machine for pizzerias, pastry-shops, bakeries and families. The particular shape of the spiral allows to obtain a perfectly mixed dough in few minutes. The grid allows to add ingredients, in all safety, while the machine is in use, and also to check in real time the dough consistency. All parts in contact with the food, as bowl, spiral and dough splitting rod are in AISI 304 stainless steel. Dough weight 44 kg | Capacity 53 L | Power 1,50 kW | Voltage 230 V | Phases 1N+T | Frequency 50/60 Hz | Bowl 50x27 cm (Ø x H);55;cm;87;cm;73;cm;136;kg;4015;;EUR;;;Preparation> Mixers > Spiral mixers;Pizzagroup, Pizzeria, Pizza, Mixer;;;;simple;;Dough weight ( Kg);44;Capacity ( L);53;Power ( Kw);1,50;Bowl Size ( cm);50x27 cm;;;;;active;https://raw.githubusercontent.com/cooknation/pizzagroup/refs/heads/main/pizzagroup_video_IR53VS.mp4;https://raw.githubusercontent.com/cooknation/pizzagroup/refs/heads/main/pizzagroup_image_IR53VS.jpg;https://raw.githubusercontent.com/cooknation/pizzagroup/refs/heads/main/pizzagroup_image_2_IR53VS.jpg;https://raw.githubusercontent.com/cooknation/pizzagroup/refs/heads/main/pizzagroup_image_3_IR53VS.jpg;https://raw.githubusercontent.com/cooknation/pizzagroup/refs/heads/main/pizzagroup_datasheet_IR53VS.pdf;https://raw.githubusercontent.com/cooknation/pizzagroup/refs/heads/main/pizzagroup_manual_IR53VS.pdf;https://raw.githubusercontent.com/cooknation/pizzagroup/refs/heads/main/pizzagroup_technicalmanual_IR53VS.pdf;https://raw.githubusercontent.com/cooknation/pizzagroup/refs/heads/main/pizzagroup_drawing_IR53VS.pdf;https://raw.githubusercontent.com/cooknation/pizzagroup/refs/heads/main/pizzagroup_catalogue_IR53VS.pdf;https://raw.githubusercontent.com/cooknation/pizzagroup/refs/heads/main/pizzagroup_photo_IR53VS.jpg;https://raw.githubusercontent.com/cooknation/pizzagroup/refs/heads/main/pizzagroup_card_IR53VS.pdf;https://raw.githubusercontent.com/cooknation/pizzagroup/refs/heads/main/pizzagroup_brandcatalogue.pdf;https://raw.githubusercontent.com/cooknation/pizzagroup/refs/heads/main/pizzagroup_price.pdf
CKNPGRIRM10;IRM10;PIZZAGROUP;Spiral mixer;Spiral mixer, rising top & fixed bowl (monophase);The spiral mixer is the ideal machine for pizzerias, pastry-shops, bakeries and families. The particular shape of the spiral allows to obtain a perfectly mixed dough in few minutes. The grid allows to add ingredients, in all safety, while the machine is in use, and also to check in real time the dough consistency. All parts in contact with the food, as bowl, spiral and dough splitting rod are in AISI 304 stainless steel. Dough weight 8 kg | Capacity 10 L | Power 0,37 kW | Voltage 230 V | Phases 1N+T | Frequency 50 Hz | Bowl 26x20 cm (Ø x H);27;cm;59;cm;57;cm;50;kg;1722;;EUR;;;Preparation> Mixers > Spiral mixers;Pizzagroup, Pizzeria, Pizza, Mixer;;;;simple;;Dough weight ( Kg);8;Capacity ( L);10;Power ( Kw);0,37;Bowl Size ( cm);26x20 cm;;;;;active;https://raw.githubusercontent.com/cooknation/pizzagroup/refs/heads/main/pizzagroup_video_IRM10.mp4;https://raw.githubusercontent.com/cooknation/pizzagroup/refs/heads/main/pizzagroup_image_IRM10.jpg;https://raw.githubusercontent.com/cooknation/pizzagroup/refs/heads/main/pizzagroup_image_2_IRM10.jpg;https://raw.githubusercontent.com/cooknation/pizzagroup/refs/heads/main/pizzagroup_image_3_IRM10.jpg;https://raw.githubusercontent.com/cooknation/pizzagroup/refs/heads/main/pizzagroup_datasheet_IRM10.pdf;https://raw.githubusercontent.com/cooknation/pizzagroup/refs/heads/main/pizzagroup_manual_IRM10.pdf;https://raw.githubusercontent.com/cooknation/pizzagroup/refs/heads/main/pizzagroup_technicalmanual_IRM10.pdf;https://raw.githubusercontent.com/cooknation/pizzagroup/refs/heads/main/pizzagroup_drawing_IRM10.pdf;https://raw.githubusercontent.com/cooknation/pizzagroup/refs/heads/main/pizzagroup_catalogue_IRM10.pdf;https://raw.githubusercontent.com/cooknation/pizzagroup/refs/heads/main/pizzagroup_photo_IRM10.jpg;https://raw.githubusercontent.com/cooknation/pizzagroup/refs/heads/main/pizzagroup_card_IRM10.pdf;https://raw.githubusercontent.com/cooknation/pizzagroup/refs/heads/main/pizzagroup_brandcatalogue.pdf;https://raw.githubusercontent.com/cooknation/pizzagroup/refs/heads/main/pizzagroup_price.pdf
CKNPGRIRM22;IRM22;PIZZAGROUP;Spiral mixer;Spiral mixer, rising top & fixed bowl (monophase);The spiral mixer is the ideal machine for pizzerias, pastry-shops, bakeries and families. The particular shape of the spiral allows to obtain a perfectly mixed dough in few minutes. The grid allows to add ingredients, in all safety, while the machine is in use, and also to check in real time the dough consistency. All parts in contact with the food, as bowl, spiral and dough splitting rod are in AISI 304 stainless steel. Dough weight 18 kg | Capacity 22 L | Power 0,90 kW | Voltage 230 V | Phases 1N+T | Frequency 50 Hz | Bowl 36x21 cm (Ø x H);42;cm;72;cm;64;cm;100;kg;2611;;EUR;;;Preparation> Mixers > Spiral mixers;Pizzagroup, Pizzeria, Pizza, Mixer;;;;simple;;Dough weight ( Kg);18;Capacity ( L);22;Power ( Kw);0,90;Bowl Size ( cm);36x21 cm;;;;;active;https://raw.githubusercontent.com/cooknation/pizzagroup/refs/heads/main/pizzagroup_video_IRM22.mp4;https://raw.githubusercontent.com/cooknation/pizzagroup/refs/heads/main/pizzagroup_image_IRM22.jpg;https://raw.githubusercontent.com/cooknation/pizzagroup/refs/heads/main/pizzagroup_image_2_IRM22.jpg;https://raw.githubusercontent.com/cooknation/pizzagroup/refs/heads/main/pizzagroup_image_3_IRM22.jpg;https://raw.githubusercontent.com/cooknation/pizzagroup/refs/heads/main/pizzagroup_datasheet_IRM22.pdf;https://raw.githubusercontent.com/cooknation/pizzagroup/refs/heads/main/pizzagroup_manual_IRM22.pdf;https://raw.githubusercontent.com/cooknation/pizzagroup/refs/heads/main/pizzagroup_technicalmanual_IRM22.pdf;https://raw.githubusercontent.com/cooknation/pizzagroup/refs/heads/main/pizzagroup_drawing_IRM22.pdf;https://raw.githubusercontent.com/cooknation/pizzagroup/refs/heads/main/pizzagroup_catalogue_IRM22.pdf;https://raw.githubusercontent.com/cooknation/pizzagroup/refs/heads/main/pizzagroup_photo_IRM22.jpg;https://raw.githubusercontent.com/cooknation/pizzagroup/refs/heads/main/pizzagroup_card_IRM22.pdf;https://raw.githubusercontent.com/cooknation/pizzagroup/refs/heads/main/pizzagroup_brandcatalogue.pdf;https://raw.githubusercontent.com/cooknation/pizzagroup/refs/heads/main/pizzagroup_price.pdf
CKNPGRK4K8;K4K8;PIZZAGROUP;Accessory - Flame oven - Hood;Stainless steel hood for FLAME ovens.;Stainless steel hood for FLAME ovens.;112.0;cm;112.0;cm;29.5;cm;40.0;kg;1049.0;;EUR;;;Cooking>Oven>Pizza;Pizzagroup, Pizzeria, Pizza, Oven;;;;simple;;;;;;;;;;;;;;active;https://raw.githubusercontent.com/cooknation/pizzagroup/refs/heads/main/pizzagroup_video_K4K8.mp4;https://raw.githubusercontent.com/cooknation/pizzagroup/refs/heads/main/pizzagroup_image_K4K8.jpg;https://raw.githubusercontent.com/cooknation/pizzagroup/refs/heads/main/pizzagroup_image_2_K4K8.jpg;https://raw.githubusercontent.com/cooknation/pizzagroup/refs/heads/main/pizzagroup_image_3_K4K8.jpg;https://raw.githubusercontent.com/cooknation/pizzagroup/refs/heads/main/pizzagroup_datasheet_K4K8.pdf;https://raw.githubusercontent.com/cooknation/pizzagroup/refs/heads/main/pizzagroup_manual_K4K8.pdf;https://raw.githubusercontent.com/cooknation/pizzagroup/refs/heads/main/pizzagroup_technicalmanual_K4K8.pdf;https://raw.githubusercontent.com/cooknation/pizzagroup/refs/heads/main/pizzagroup_drawing_K4K8.pdf;https://raw.githubusercontent.com/cooknation/pizzagroup/refs/heads/main/pizzagroup_catalogue_K4K8.pdf;https://raw.githubusercontent.com/cooknation/pizzagroup/refs/heads/main/pizzagroup_photo_K4K8.jpg;https://raw.githubusercontent.com/cooknation/pizzagroup/refs/heads/main/pizzagroup_card_K4K8.pdf;https://raw.githubusercontent.com/cooknation/pizzagroup/refs/heads/main/pizzagroup_brandcatalogue.pdf;https://raw.githubusercontent.com/cooknation/pizzagroup/refs/heads/main/pizzagroup_price.pdf
CKNPGRK6K12;K6K12;PIZZAGROUP;Accessory - Flame oven - Hood;Stainless steel hood for FLAME ovens.;Stainless steel hood for FLAME ovens.;112.0;cm;147.0;cm;29.5;cm;47.0;kg;1131.0;;EUR;;;Cooking>Oven>Pizza;Pizzagroup, Pizzeria, Pizza, Oven;;;;simple;;;;;;;;;;;;;;active;https://raw.githubusercontent.com/cooknation/pizzagroup/refs/heads/main/pizzagroup_video_K6K12.mp4;https://raw.githubusercontent.com/cooknation/pizzagroup/refs/heads/main/pizzagroup_image_K6K12.jpg;https://raw.githubusercontent.com/cooknation/pizzagroup/refs/heads/main/pizzagroup_image_2_K6K12.jpg;https://raw.githubusercontent.com/cooknation/pizzagroup/refs/heads/main/pizzagroup_image_3_K6K12.jpg;https://raw.githubusercontent.com/cooknation/pizzagroup/refs/heads/main/pizzagroup_datasheet_K6K12.pdf;https://raw.githubusercontent.com/cooknation/pizzagroup/refs/heads/main/pizzagroup_manual_K6K12.pdf;https://raw.githubusercontent.com/cooknation/pizzagroup/refs/heads/main/pizzagroup_technicalmanual_K6K12.pdf;https://raw.githubusercontent.com/cooknation/pizzagroup/refs/heads/main/pizzagroup_drawing_K6K12.pdf;https://raw.githubusercontent.com/cooknation/pizzagroup/refs/heads/main/pizzagroup_catalogue_K6K12.pdf;https://raw.githubusercontent.com/cooknation/pizzagroup/refs/heads/main/pizzagroup_photo_K6K12.jpg;https://raw.githubusercontent.com/cooknation/pizzagroup/refs/heads/main/pizzagroup_card_K6K12.pdf;https://raw.githubusercontent.com/cooknation/pizzagroup/refs/heads/main/pizzagroup_brandcatalogue.pdf;https://raw.githubusercontent.com/cooknation/pizzagroup/refs/heads/main/pizzagroup_price.pdf
CKNPGRM3517;M3517;PIZZAGROUP;Compact electric pizza oven;Compact electric pizza oven - 1 x Ø 30/33;Ideal for even the tightest spaces, the Compact oven range has a refractory stone cooking surface and lighting inside the chamber. Stackable up to 4 chambers in height and extremely easy to install, ideal for any type of business. Two sizes available: 35cm and 50cm. Compact series with refractory stone surface and internal lighting. Stackable up to 4 chambers. Two sizes: 35 cm and 50 cm.;58;cm;50;cm;36;cm;39;kg;1030.0;;EUR;;;Cooking>Oven>Pizza;Pizzagroup, Pizzeria, Pizza, Oven;;;;simple;;Total power (kW);2.2;Baking surface (cm);35x35;Pizzas per chamber;1 x Ø 30/34;Chamber height (cm);17;;;;;active;https://raw.githubusercontent.com/cooknation/pizzagroup/refs/heads/main/pizzagroup_video_M3517.mp4;https://raw.githubusercontent.com/cooknation/pizzagroup/refs/heads/main/pizzagroup_image_M3517.jpg;https://raw.githubusercontent.com/cooknation/pizzagroup/refs/heads/main/pizzagroup_image_2_M3517.jpg;https://raw.githubusercontent.com/cooknation/pizzagroup/refs/heads/main/pizzagroup_image_3_M3517.jpg;https://raw.githubusercontent.com/cooknation/pizzagroup/refs/heads/main/pizzagroup_datasheet_M3517.pdf;https://raw.githubusercontent.com/cooknation/pizzagroup/refs/heads/main/pizzagroup_manual_M3517.pdf;https://raw.githubusercontent.com/cooknation/pizzagroup/refs/heads/main/pizzagroup_technicalmanual_M3517.pdf;https://raw.githubusercontent.com/cooknation/pizzagroup/refs/heads/main/pizzagroup_drawing_M3517.pdf;https://raw.githubusercontent.com/cooknation/pizzagroup/refs/heads/main/pizzagroup_catalogue_M3517.pdf;https://raw.githubusercontent.com/cooknation/pizzagroup/refs/heads/main/pizzagroup_photo_M3517.jpg;https://raw.githubusercontent.com/cooknation/pizzagroup/refs/heads/main/pizzagroup_card_M3517.pdf;https://raw.githubusercontent.com/cooknation/pizzagroup/refs/heads/main/pizzagroup_brandcatalogue.pdf;https://raw.githubusercontent.com/cooknation/pizzagroup/refs/heads/main/pizzagroup_price.pdf
CKNPGRM358B;M358B;PIZZAGROUP;Compact electric pizza oven;Compact electric pizza oven - 1 x Ø 30/34;Ideal for even the tightest spaces, the Compact oven range has a refractory stone cooking surface and lighting inside the chamber. Stackable up to 4 chambers in height and extremely easy to install, ideal for any type of business. Two sizes available: 35cm and 50cm. Compact series with refractory stone surface and internal lighting. Stackable up to 4 chambers. Two sizes: 35 cm and 50 cm.;58;cm;50;cm;47;cm;55;kg;1710.0;;EUR;;;Cooking>Oven>Pizza;Pizzagroup, Pizzeria, Pizza, Oven;;;;simple;;Total power (kW);4.4;Baking surface (cm);35x35;Pizzas per chamber;1 x Ø 30/34;Chamber height (cm);8;;;;;active;https://raw.githubusercontent.com/cooknation/pizzagroup/refs/heads/main/pizzagroup_video_M358B.mp4;https://raw.githubusercontent.com/cooknation/pizzagroup/refs/heads/main/pizzagroup_image_M358B.jpg;https://raw.githubusercontent.com/cooknation/pizzagroup/refs/heads/main/pizzagroup_image_2_M358B.jpg;https://raw.githubusercontent.com/cooknation/pizzagroup/refs/heads/main/pizzagroup_image_3_M358B.jpg;https://raw.githubusercontent.com/cooknation/pizzagroup/refs/heads/main/pizzagroup_datasheet_M358B.pdf;https://raw.githubusercontent.com/cooknation/pizzagroup/refs/heads/main/pizzagroup_manual_M358B.pdf;https://raw.githubusercontent.com/cooknation/pizzagroup/refs/heads/main/pizzagroup_technicalmanual_M358B.pdf;https://raw.githubusercontent.com/cooknation/pizzagroup/refs/heads/main/pizzagroup_drawing_M358B.pdf;https://raw.githubusercontent.com/cooknation/pizzagroup/refs/heads/main/pizzagroup_catalogue_M358B.pdf;https://raw.githubusercontent.com/cooknation/pizzagroup/refs/heads/main/pizzagroup_photo_M358B.jpg;https://raw.githubusercontent.com/cooknation/pizzagroup/refs/heads/main/pizzagroup_card_M358B.pdf;https://raw.githubusercontent.com/cooknation/pizzagroup/refs/heads/main/pizzagroup_brandcatalogue.pdf;https://raw.githubusercontent.com/cooknation/pizzagroup/refs/heads/main/pizzagroup_price.pdf
CKNPGRM358M;M358M;PIZZAGROUP;Compact electric pizza oven;Compact electric pizza oven - 1 x Ø 30/34;Ideal for even the tightest spaces, the Compact oven range has a refractory stone cooking surface and lighting inside the chamber. Stackable up to 4 chambers in height and extremely easy to install, ideal for any type of business. Two sizes available: 35cm and 50cm. Compact series with refractory stone surface and internal lighting. Stackable up to 4 chambers. Two sizes: 35 cm and 50 cm.;58;cm;50;cm;29;cm;30;kg;981.0;;EUR;;;Cooking>Oven>Pizza;Pizzagroup, Pizzeria, Pizza, Oven;;;;simple;;Total power (kW);2.2;Baking surface (cm);35x35;Pizzas per chamber;1 x Ø 30/34;Chamber height (cm);8;;;;;active;https://raw.githubusercontent.com/cooknation/pizzagroup/refs/heads/main/pizzagroup_video_M358M.mp4;https://raw.githubusercontent.com/cooknation/pizzagroup/refs/heads/main/pizzagroup_image_M358M.jpg;https://raw.githubusercontent.com/cooknation/pizzagroup/refs/heads/main/pizzagroup_image_2_M358M.jpg;https://raw.githubusercontent.com/cooknation/pizzagroup/refs/heads/main/pizzagroup_image_3_M358M.jpg;https://raw.githubusercontent.com/cooknation/pizzagroup/refs/heads/main/pizzagroup_datasheet_M358M.pdf;https://raw.githubusercontent.com/cooknation/pizzagroup/refs/heads/main/pizzagroup_manual_M358M.pdf;https://raw.githubusercontent.com/cooknation/pizzagroup/refs/heads/main/pizzagroup_technicalmanual_M358M.pdf;https://raw.githubusercontent.com/cooknation/pizzagroup/refs/heads/main/pizzagroup_drawing_M358M.pdf;https://raw.githubusercontent.com/cooknation/pizzagroup/refs/heads/main/pizzagroup_catalogue_M358M.pdf;https://raw.githubusercontent.com/cooknation/pizzagroup/refs/heads/main/pizzagroup_photo_M358M.jpg;https://raw.githubusercontent.com/cooknation/pizzagroup/refs/heads/main/pizzagroup_card_M358M.pdf;https://raw.githubusercontent.com/cooknation/pizzagroup/refs/heads/main/pizzagroup_brandcatalogue.pdf;https://raw.githubusercontent.com/cooknation/pizzagroup/refs/heads/main/pizzagroup_price.pdf
CKNPGRM35A;M35A;PIZZAGROUP;Dough Roller;Dough rolling machine with adjustable thickness (0.4–4.0 mm).;"Designed for bread, pizza and focaccia dough; thickness adjustable via levers; available with single or double roller pairs; plastic or steel guard; tested with 60% dough hydration.";52.0;cm;44.0;cm;39.0;cm;22.0;kg;1161.0;;EUR;;;Preparation>Dough Roller;Pizzagroup, Pizzeria, Pizza;;;;simple;;Dough weight (g);80–400;Pizza diameter (cm);14–34;Thickness range (mm);0.4–4.0;;;;;;;active;https://www.youtube.com/watch?v=gA1HkaHbs-o;https://raw.githubusercontent.com/cooknation/pizzagroup/refs/heads/main/pizzagroup_image_M35A.jpg;https://raw.githubusercontent.com/cooknation/pizzagroup/refs/heads/main/pizzagroup_image_2_M35A.jpg;https://raw.githubusercontent.com/cooknation/pizzagroup/refs/heads/main/pizzagroup_image_3_M35A.jpg;https://raw.githubusercontent.com/cooknation/pizzagroup/refs/heads/main/pizzagroup_datasheet_M35A.pdf;https://raw.githubusercontent.com/cooknation/pizzagroup/refs/heads/main/pizzagroup_manual_M35A.pdf;https://raw.githubusercontent.com/cooknation/pizzagroup/refs/heads/main/pizzagroup_technicalmanual_M35A.pdf;https://raw.githubusercontent.com/cooknation/pizzagroup/refs/heads/main/pizzagroup_drawing_M35A.pdf;https://raw.githubusercontent.com/cooknation/pizzagroup/refs/heads/main/pizzagroup_catalogue_M35A.pdf;https://raw.githubusercontent.com/cooknation/pizzagroup/refs/heads/main/pizzagroup_photo_M35A.jpg;https://raw.githubusercontent.com/cooknation/pizzagroup/refs/heads/main/pizzagroup_card_M35A.pdf;https://raw.githubusercontent.com/cooknation/pizzagroup/refs/heads/main/pizzagroup_brandcatalogue.pdf;https://raw.githubusercontent.com/cooknation/pizzagroup/refs/heads/main/pizzagroup_price.pdf
CKNPGRM42A;M42A;PIZZAGROUP;Dough Roller;Dough rolling machine with adjustable thickness (0.4–4.0 mm).;"Designed for bread, pizza and focaccia dough; thickness adjustable via levers; available with single or double roller pairs; plastic or steel guard; tested with 60% dough hydration.";59.0;cm;44.0;cm;39.0;cm;26.0;kg;1291.0;;EUR;;;Preparation>Dough Roller;Pizzagroup, Pizzeria, Pizza;;;;simple;;Dough weight (g);210–600;Pizza diameter (cm);26–40;Thickness range (mm);0.4–4.0;;;;;;;active;https://www.youtube.com/watch?v=gA1HkaHbs-o;https://raw.githubusercontent.com/cooknation/pizzagroup/refs/heads/main/pizzagroup_image_M42A.jpg;https://raw.githubusercontent.com/cooknation/pizzagroup/refs/heads/main/pizzagroup_image_2_M42A.jpg;https://raw.githubusercontent.com/cooknation/pizzagroup/refs/heads/main/pizzagroup_image_3_M42A.jpg;https://raw.githubusercontent.com/cooknation/pizzagroup/refs/heads/main/pizzagroup_datasheet_M42A.pdf;https://raw.githubusercontent.com/cooknation/pizzagroup/refs/heads/main/pizzagroup_manual_M42A.pdf;https://raw.githubusercontent.com/cooknation/pizzagroup/refs/heads/main/pizzagroup_technicalmanual_M42A.pdf;https://raw.githubusercontent.com/cooknation/pizzagroup/refs/heads/main/pizzagroup_drawing_M42A.pdf;https://raw.githubusercontent.com/cooknation/pizzagroup/refs/heads/main/pizzagroup_catalogue_M42A.pdf;https://raw.githubusercontent.com/cooknation/pizzagroup/refs/heads/main/pizzagroup_photo_M42A.jpg;https://raw.githubusercontent.com/cooknation/pizzagroup/refs/heads/main/pizzagroup_card_M42A.pdf;https://raw.githubusercontent.com/cooknation/pizzagroup/refs/heads/main/pizzagroup_brandcatalogue.pdf;https://raw.githubusercontent.com/cooknation/pizzagroup/refs/heads/main/pizzagroup_price.pdf
CKNPGRM5013B;M5013B;PIZZAGROUP;Compact electric pizza oven;Compact electric pizza oven - 1 x Ø 45;Ideal for even the tightest spaces, the Compact oven range has a refractory stone cooking surface and lighting inside the chamber. Stackable up to 4 chambers in height and extremely easy to install, ideal for any type of business. Two sizes available: 35cm and 50cm. Compact series with refractory stone surface and internal lighting. Stackable up to 4 chambers. Two sizes: 35 cm and 50 cm.;73;cm;65;cm;57;cm;62;kg;1938.0;;EUR;;;Cooking>Oven>Pizza;Pizzagroup, Pizzeria, Pizza, Oven;;;;simple;;Total power (kW);7.2;Baking surface (cm);50x50;Pizzas per chamber;1 x Ø 45;Chamber height (cm);13;;;;;active;https://raw.githubusercontent.com/cooknation/pizzagroup/refs/heads/main/pizzagroup_video_M5013B.mp4;https://raw.githubusercontent.com/cooknation/pizzagroup/refs/heads/main/pizzagroup_image_M5013B.jpg;https://raw.githubusercontent.com/cooknation/pizzagroup/refs/heads/main/pizzagroup_image_2_M5013B.jpg;https://raw.githubusercontent.com/cooknation/pizzagroup/refs/heads/main/pizzagroup_image_3_M5013B.jpg;https://raw.githubusercontent.com/cooknation/pizzagroup/refs/heads/main/pizzagroup_datasheet_M5013B.pdf;https://raw.githubusercontent.com/cooknation/pizzagroup/refs/heads/main/pizzagroup_manual_M5013B.pdf;https://raw.githubusercontent.com/cooknation/pizzagroup/refs/heads/main/pizzagroup_technicalmanual_M5013B.pdf;https://raw.githubusercontent.com/cooknation/pizzagroup/refs/heads/main/pizzagroup_drawing_M5013B.pdf;https://raw.githubusercontent.com/cooknation/pizzagroup/refs/heads/main/pizzagroup_catalogue_M5013B.pdf;https://raw.githubusercontent.com/cooknation/pizzagroup/refs/heads/main/pizzagroup_photo_M5013B.jpg;https://raw.githubusercontent.com/cooknation/pizzagroup/refs/heads/main/pizzagroup_card_M5013B.pdf;https://raw.githubusercontent.com/cooknation/pizzagroup/refs/heads/main/pizzagroup_brandcatalogue.pdf;https://raw.githubusercontent.com/cooknation/pizzagroup/refs/heads/main/pizzagroup_price.pdf
CKNPGRM5013M;M5013M;PIZZAGROUP;Compact electric pizza oven;Compact electric pizza oven - 1 x Ø 45;Ideal for even the tightest spaces, the Compact oven range has a refractory stone cooking surface and lighting inside the chamber. Stackable up to 4 chambers in height and extremely easy to install, ideal for any type of business. Two sizes available: 35cm and 50cm. Compact series with refractory stone surface and internal lighting. Stackable up to 4 chambers. Two sizes: 35 cm and 50 cm.;73;cm;65;cm;32;cm;35;kg;1259.0;;EUR;;;Cooking>Oven>Pizza;Pizzagroup, Pizzeria, Pizza, Oven;;;;simple;;Total power (kW);3.6;Baking surface (cm);50x50;Pizzas per chamber;1 x Ø 45;Chamber height (cm);13;;;;;active;https://raw.githubusercontent.com/cooknation/pizzagroup/refs/heads/main/pizzagroup_video_M5013M.mp4;https://raw.githubusercontent.com/cooknation/pizzagroup/refs/heads/main/pizzagroup_image_M5013M.jpg;https://raw.githubusercontent.com/cooknation/pizzagroup/refs/heads/main/pizzagroup_image_2_M5013M.jpg;https://raw.githubusercontent.com/cooknation/pizzagroup/refs/heads/main/pizzagroup_image_3_M5013M.jpg;https://raw.githubusercontent.com/cooknation/pizzagroup/refs/heads/main/pizzagroup_datasheet_M5013M.pdf;https://raw.githubusercontent.com/cooknation/pizzagroup/refs/heads/main/pizzagroup_manual_M5013M.pdf;https://raw.githubusercontent.com/cooknation/pizzagroup/refs/heads/main/pizzagroup_technicalmanual_M5013M.pdf;https://raw.githubusercontent.com/cooknation/pizzagroup/refs/heads/main/pizzagroup_drawing_M5013M.pdf;https://raw.githubusercontent.com/cooknation/pizzagroup/refs/heads/main/pizzagroup_catalogue_M5013M.pdf;https://raw.githubusercontent.com/cooknation/pizzagroup/refs/heads/main/pizzagroup_photo_M5013M.jpg;https://raw.githubusercontent.com/cooknation/pizzagroup/refs/heads/main/pizzagroup_card_M5013M.pdf;https://raw.githubusercontent.com/cooknation/pizzagroup/refs/heads/main/pizzagroup_brandcatalogue.pdf;https://raw.githubusercontent.com/cooknation/pizzagroup/refs/heads/main/pizzagroup_price.pdf
CKNPGRMAX 12;MAX 12;PIZZAGROUP;Entry Max MAX 12;Entry Max MAX 12 - 6 x Ø 30/34 (x2) - 70x105cm - Power: 14.6kW;Our Entry Max oven range provides extreme simplicity of use while never compromising functionality and quality of bake. Made entirely of stainless steel, Entry Max ovens boast independent working temperatures for both the top and bottom heating. The 12V lighting gives a clear view of the cooking chamber, while providing the same high durability seen in premium level oven ranges. Entry Max achieves extreme heat uniformity, ideal for any type of baked product and can be equipped with the optional full refractory kit for additional heat retention. Professional pizza oven Entry Max model MAX 12. Chamber capacity: 6 x Ø 30/34 (x2). Baking surface: 70x105cm. Chamber height: 15 (x2)cm. Double chamber configuration. Power: 14.6kW (Up: 3.65kW, Down: 3.65kW). Electrical: 400V 3N+T 50/60Hz. Dimensions: 99x127x68cm. Weight: 155kg. Maximum temperature: 450°C. Features: Independent working temperatures, 12V lighting, stainless steel construction.;99;cm;127;cm;68;cm;155;kg;3235;;EUR;;;Cooking>Oven>Pizza;Pizzagroup, Pizzeria, Pizza, Oven;;;;simple;;Chamber Capacity;6 x Ø 30/34 (x2);Power Total;14.6 kW;Baking Surface;70x105 cm;Chamber Height;15 (x2) cm;Max Temperature;450°C;;;active;https://raw.githubusercontent.com/cooknation/pizzagroup/refs/heads/main/pizzagroup_video_MAX 12.mp4;https://raw.githubusercontent.com/cooknation/pizzagroup/refs/heads/main/pizzagroup_image_MAX 12.jpg;https://raw.githubusercontent.com/cooknation/pizzagroup/refs/heads/main/pizzagroup_image_2_MAX 12.jpg;https://raw.githubusercontent.com/cooknation/pizzagroup/refs/heads/main/pizzagroup_image_3_MAX 12.jpg;https://raw.githubusercontent.com/cooknation/pizzagroup/refs/heads/main/pizzagroup_datasheet_MAX 12.pdf;https://raw.githubusercontent.com/cooknation/pizzagroup/refs/heads/main/pizzagroup_manual_MAX 12.pdf;https://raw.githubusercontent.com/cooknation/pizzagroup/refs/heads/main/pizzagroup_technicalmanual_MAX 12.pdf;https://raw.githubusercontent.com/cooknation/pizzagroup/refs/heads/main/pizzagroup_drawing_MAX 12.pdf;https://raw.githubusercontent.com/cooknation/pizzagroup/refs/heads/main/pizzagroup_catalogue_MAX 12.pdf;https://raw.githubusercontent.com/cooknation/pizzagroup/refs/heads/main/pizzagroup_photo_MAX 12.jpg;https://raw.githubusercontent.com/cooknation/pizzagroup/refs/heads/main/pizzagroup_card_MAX 12.pdf;https://raw.githubusercontent.com/cooknation/pizzagroup/refs/heads/main/pizzagroup_brandcatalogue.pdf;https://raw.githubusercontent.com/cooknation/pizzagroup/refs/heads/main/pizzagroup_price.pdf
CKNPGRMAX 12L;MAX 12L;PIZZAGROUP;Entry Max MAX 12L;Entry Max MAX 12L - 6 x Ø 30/34 (x2) - 105x70cm - Power: 19.8kW;Professional pizza oven Entry Max model MAX 12L. Chamber capacity: 6 x Ø 30/34 (x2). Baking surface: 105x70cm. Chamber height: 15 (x2)cm. Double chamber configuration. Power: 19.8kW (Up: 5.4kW, Down: 4.5kW). Electrical: 400V 3N+T 50/60Hz. Dimensions: 134x92x68cm. Weight: 177kg. Maximum temperature: 450°C. Features: Independent working temperatures, 12V lighting, stainless steel construction.;134;cm;92;cm;68;cm;177;kg;3615;;EUR;;;Cooking>Oven>Pizza;Pizzagroup, Pizzeria, Pizza, Oven;;;;simple;;Chamber Capacity;6 x Ø 30/34 (x2);Power Total;19.8 kW;Baking Surface;105x70 cm;Chamber Height;15 (x2) cm;Max Temperature;450°C;;;active;https://raw.githubusercontent.com/cooknation/pizzagroup/refs/heads/main/pizzagroup_video_MAX 12L.mp4;https://raw.githubusercontent.com/cooknation/pizzagroup/refs/heads/main/pizzagroup_image_MAX 12L.jpg;https://raw.githubusercontent.com/cooknation/pizzagroup/refs/heads/main/pizzagroup_image_2_MAX 12L.jpg;https://raw.githubusercontent.com/cooknation/pizzagroup/refs/heads/main/pizzagroup_image_3_MAX 12L.jpg;https://raw.githubusercontent.com/cooknation/pizzagroup/refs/heads/main/pizzagroup_datasheet_MAX 12L.pdf;https://raw.githubusercontent.com/cooknation/pizzagroup/refs/heads/main/pizzagroup_manual_MAX 12L.pdf;https://raw.githubusercontent.com/cooknation/pizzagroup/refs/heads/main/pizzagroup_technicalmanual_MAX 12L.pdf;https://raw.githubusercontent.com/cooknation/pizzagroup/refs/heads/main/pizzagroup_drawing_MAX 12L.pdf;https://raw.githubusercontent.com/cooknation/pizzagroup/refs/heads/main/pizzagroup_catalogue_MAX 12L.pdf;https://raw.githubusercontent.com/cooknation/pizzagroup/refs/heads/main/pizzagroup_photo_MAX 12L.jpg;https://raw.githubusercontent.com/cooknation/pizzagroup/refs/heads/main/pizzagroup_card_MAX 12L.pdf;https://raw.githubusercontent.com/cooknation/pizzagroup/refs/heads/main/pizzagroup_brandcatalogue.pdf;https://raw.githubusercontent.com/cooknation/pizzagroup/refs/heads/main/pizzagroup_price.pdf
CKNPGRMAX 18;MAX 18;PIZZAGROUP;Entry Max MAX 18;Entry Max MAX 18 - 9 x Ø 30/34 (x2) - 105x105cm - Power: 25.8kW;Our Entry Max oven range provides extreme simplicity of use while never compromising functionality and quality of bake. Made entirely of stainless steel, Entry Max ovens boast independent working temperatures for both the top and bottom heating. The 12V lighting gives a clear view of the cooking chamber, while providing the same high durability seen in premium level oven ranges. Entry Max achieves extreme heat uniformity, ideal for any type of baked product and can be equipped with the optional full refractory kit for additional heat retention. Professional pizza oven Entry Max model MAX 18. Chamber capacity: 9 x Ø 30/34 (x2). Baking surface: 105x105cm. Chamber height: 15 (x2)cm. Double chamber configuration. Power: 25.8kW (Up: 7.5kW, Down: 5.4kW). Electrical: 400V 3N+T 50/60Hz. Dimensions: 134x127x68cm. Weight: 235kg. Maximum temperature: 450°C. Features: Independent working temperatures, 12V lighting, stainless steel construction.;134;cm;127;cm;68;cm;235;kg;4341;;EUR;;;Cooking>Oven>Pizza;Pizzagroup, Pizzeria, Pizza, Oven;;;;simple;;Chamber Capacity;9 x Ø 30/34 (x2);Power Total;25.8 kW;Baking Surface;105x105 cm;Chamber Height;15 (x2) cm;Max Temperature;450°C;;;active;https://raw.githubusercontent.com/cooknation/pizzagroup/refs/heads/main/pizzagroup_video_MAX 18.mp4;https://raw.githubusercontent.com/cooknation/pizzagroup/refs/heads/main/pizzagroup_image_MAX 18.jpg;https://raw.githubusercontent.com/cooknation/pizzagroup/refs/heads/main/pizzagroup_image_2_MAX 18.jpg;https://raw.githubusercontent.com/cooknation/pizzagroup/refs/heads/main/pizzagroup_image_3_MAX 18.jpg;https://raw.githubusercontent.com/cooknation/pizzagroup/refs/heads/main/pizzagroup_datasheet_MAX 18.pdf;https://raw.githubusercontent.com/cooknation/pizzagroup/refs/heads/main/pizzagroup_manual_MAX 18.pdf;https://raw.githubusercontent.com/cooknation/pizzagroup/refs/heads/main/pizzagroup_technicalmanual_MAX 18.pdf;https://raw.githubusercontent.com/cooknation/pizzagroup/refs/heads/main/pizzagroup_drawing_MAX 18.pdf;https://raw.githubusercontent.com/cooknation/pizzagroup/refs/heads/main/pizzagroup_catalogue_MAX 18.pdf;https://raw.githubusercontent.com/cooknation/pizzagroup/refs/heads/main/pizzagroup_photo_MAX 18.jpg;https://raw.githubusercontent.com/cooknation/pizzagroup/refs/heads/main/pizzagroup_card_MAX 18.pdf;https://raw.githubusercontent.com/cooknation/pizzagroup/refs/heads/main/pizzagroup_brandcatalogue.pdf;https://raw.githubusercontent.com/cooknation/pizzagroup/refs/heads/main/pizzagroup_price.pdf
CKNPGRMAX 4;MAX 4;PIZZAGROUP;Entry Max MAX 4;Entry Max MAX 4 - 4 x Ø 30/34 - 70x70cm - Power: 5.6kW;Our Entry Max oven range provides extreme simplicity of use while never compromising functionality and quality of bake. Made entirely of stainless steel, Entry Max ovens boast independent working temperatures for both the top and bottom heating. The 12V lighting gives a clear view of the cooking chamber, while providing the same high durability seen in premium level oven ranges. Entry Max achieves extreme heat uniformity, ideal for any type of baked product and can be equipped with the optional full refractory kit for additional heat retention. Professional pizza oven Entry Max model MAX 4. Chamber capacity: 4 x Ø 30/34. Baking surface: 70x70cm. Chamber height: 15cm. Single chamber configuration. Power: 5.6kW (Up: 2.8kW, Down: 2.8kW). Electrical: 400V 3N+T 50/60Hz. Dimensions: 99x92x38cm. Weight: 74kg. Maximum temperature: 450°C. Features: Independent working temperatures, 12V lighting, stainless steel construction.;99;cm;92;cm;38;cm;74;kg;1557;;EUR;;;Cooking>Oven>Pizza;Pizzagroup, Pizzeria, Pizza, Oven;;;;simple;;Chamber Capacity;4 x Ø 30/34;Power Total;5.6 kW;Baking Surface;70x70 cm;Chamber Height;15 cm;Max Temperature;450°C;;;active;https://raw.githubusercontent.com/cooknation/pizzagroup/refs/heads/main/pizzagroup_video_MAX 4.mp4;https://raw.githubusercontent.com/cooknation/pizzagroup/refs/heads/main/pizzagroup_image_MAX 4.jpg;https://raw.githubusercontent.com/cooknation/pizzagroup/refs/heads/main/pizzagroup_image_2_MAX 4.jpg;https://raw.githubusercontent.com/cooknation/pizzagroup/refs/heads/main/pizzagroup_image_3_MAX 4.jpg;https://raw.githubusercontent.com/cooknation/pizzagroup/refs/heads/main/pizzagroup_datasheet_MAX 4.pdf;https://raw.githubusercontent.com/cooknation/pizzagroup/refs/heads/main/pizzagroup_manual_MAX 4.pdf;https://raw.githubusercontent.com/cooknation/pizzagroup/refs/heads/main/pizzagroup_technicalmanual_MAX 4.pdf;https://raw.githubusercontent.com/cooknation/pizzagroup/refs/heads/main/pizzagroup_drawing_MAX 4.pdf;https://raw.githubusercontent.com/cooknation/pizzagroup/refs/heads/main/pizzagroup_catalogue_MAX 4.pdf;https://raw.githubusercontent.com/cooknation/pizzagroup/refs/heads/main/pizzagroup_photo_MAX 4.jpg;https://raw.githubusercontent.com/cooknation/pizzagroup/refs/heads/main/pizzagroup_card_MAX 4.pdf;https://raw.githubusercontent.com/cooknation/pizzagroup/refs/heads/main/pizzagroup_brandcatalogue.pdf;https://raw.githubusercontent.com/cooknation/pizzagroup/refs/heads/main/pizzagroup_price.pdf
CKNPGRMAX 6;MAX 6;PIZZAGROUP;Entry Max MAX 6;Entry Max MAX 6 - 6 x Ø 30/34 - 70x105cm - Power: 7.3kW;Our Entry Max oven range provides extreme simplicity of use while never compromising functionality and quality of bake. Made entirely of stainless steel, Entry Max ovens boast independent working temperatures for both the top and bottom heating. The 12V lighting gives a clear view of the cooking chamber, while providing the same high durability seen in premium level oven ranges. Entry Max achieves extreme heat uniformity, ideal for any type of baked product and can be equipped with the optional full refractory kit for additional heat retention. Professional pizza oven Entry Max model MAX 6. Chamber capacity: 6 x Ø 30/34. Baking surface: 70x105cm. Chamber height: 15cm. Single chamber configuration. Power: 7.3kW (Up: 3.65kW, Down: 3.65kW). Electrical: 400V 3N+T 50/60Hz. Dimensions: 99x127x38cm. Weight: 97kg. Maximum temperature: 450°C. Features: Independent working temperatures, 12V lighting, stainless steel construction.;99;cm;127;cm;38;cm;97;kg;1873;;EUR;;;Cooking>Oven>Pizza;Pizzagroup, Pizzeria, Pizza, Oven;;;;simple;;Chamber Capacity;6 x Ø 30/34;Power Total;7.3 kW;Baking Surface;70x105 cm;Chamber Height;15 cm;Max Temperature;450°C;;;active;https://raw.githubusercontent.com/cooknation/pizzagroup/refs/heads/main/pizzagroup_video_MAX 6.mp4;https://raw.githubusercontent.com/cooknation/pizzagroup/refs/heads/main/pizzagroup_image_MAX 6.jpg;https://raw.githubusercontent.com/cooknation/pizzagroup/refs/heads/main/pizzagroup_image_2_MAX 6.jpg;https://raw.githubusercontent.com/cooknation/pizzagroup/refs/heads/main/pizzagroup_image_3_MAX 6.jpg;https://raw.githubusercontent.com/cooknation/pizzagroup/refs/heads/main/pizzagroup_datasheet_MAX 6.pdf;https://raw.githubusercontent.com/cooknation/pizzagroup/refs/heads/main/pizzagroup_manual_MAX 6.pdf;https://raw.githubusercontent.com/cooknation/pizzagroup/refs/heads/main/pizzagroup_technicalmanual_MAX 6.pdf;https://raw.githubusercontent.com/cooknation/pizzagroup/refs/heads/main/pizzagroup_drawing_MAX 6.pdf;https://raw.githubusercontent.com/cooknation/pizzagroup/refs/heads/main/pizzagroup_catalogue_MAX 6.pdf;https://raw.githubusercontent.com/cooknation/pizzagroup/refs/heads/main/pizzagroup_photo_MAX 6.jpg;https://raw.githubusercontent.com/cooknation/pizzagroup/refs/heads/main/pizzagroup_card_MAX 6.pdf;https://raw.githubusercontent.com/cooknation/pizzagroup/refs/heads/main/pizzagroup_brandcatalogue.pdf;https://raw.githubusercontent.com/cooknation/pizzagroup/refs/heads/main/pizzagroup_price.pdf
CKNPGRMAX 6L;MAX 6L;PIZZAGROUP;Entry Max MAX 6L;Entry Max MAX 6L - 6 x Ø 30/34 - 105x70cm - Power: 9.9kW;Our Entry Max oven range provides extreme simplicity of use while never compromising functionality and quality of bake. Made entirely of stainless steel, Entry Max ovens boast independent working temperatures for both the top and bottom heating. The 12V lighting gives a clear view of the cooking chamber, while providing the same high durability seen in premium level oven ranges. Entry Max achieves extreme heat uniformity, ideal for any type of baked product and can be equipped with the optional full refractory kit for additional heat retention. Professional pizza oven Entry Max model MAX 6L. Chamber capacity: 6 x Ø 30/34. Baking surface: 105x70cm. Chamber height: 15cm. Single chamber configuration. Power: 9.9kW (Up: 5.4kW, Down: 4.5kW). Electrical: 400V 3N+T 50/60Hz. Dimensions: 134x92x38cm. Weight: 97kg. Maximum temperature: 450°C. Features: Independent working temperatures, 12V lighting, stainless steel construction.;134;cm;92;cm;38;cm;97;kg;2183;;EUR;;;Cooking>Oven>Pizza;Pizzagroup, Pizzeria, Pizza, Oven;;;;simple;;Chamber Capacity;6 x Ø 30/34;Power Total;9.9 kW;Baking Surface;105x70 cm;Chamber Height;15 cm;Max Temperature;450°C;;;active;https://raw.githubusercontent.com/cooknation/pizzagroup/refs/heads/main/pizzagroup_video_MAX 6L.mp4;https://raw.githubusercontent.com/cooknation/pizzagroup/refs/heads/main/pizzagroup_image_MAX 6L.jpg;https://raw.githubusercontent.com/cooknation/pizzagroup/refs/heads/main/pizzagroup_image_2_MAX 6L.jpg;https://raw.githubusercontent.com/cooknation/pizzagroup/refs/heads/main/pizzagroup_image_3_MAX 6L.jpg;https://raw.githubusercontent.com/cooknation/pizzagroup/refs/heads/main/pizzagroup_datasheet_MAX 6L.pdf;https://raw.githubusercontent.com/cooknation/pizzagroup/refs/heads/main/pizzagroup_manual_MAX 6L.pdf;https://raw.githubusercontent.com/cooknation/pizzagroup/refs/heads/main/pizzagroup_technicalmanual_MAX 6L.pdf;https://raw.githubusercontent.com/cooknation/pizzagroup/refs/heads/main/pizzagroup_drawing_MAX 6L.pdf;https://raw.githubusercontent.com/cooknation/pizzagroup/refs/heads/main/pizzagroup_catalogue_MAX 6L.pdf;https://raw.githubusercontent.com/cooknation/pizzagroup/refs/heads/main/pizzagroup_photo_MAX 6L.jpg;https://raw.githubusercontent.com/cooknation/pizzagroup/refs/heads/main/pizzagroup_card_MAX 6L.pdf;https://raw.githubusercontent.com/cooknation/pizzagroup/refs/heads/main/pizzagroup_brandcatalogue.pdf;https://raw.githubusercontent.com/cooknation/pizzagroup/refs/heads/main/pizzagroup_price.pdf
CKNPGRMAX 8;MAX 8;PIZZAGROUP;Entry Max MAX 8;Entry Max MAX 8 - 4 x Ø 30/34 (x2) - 70x70cm - Power: 11.2kW;Our Entry Max oven range provides extreme simplicity of use while never compromising functionality and quality of bake. Made entirely of stainless steel, Entry Max ovens boast independent working temperatures for both the top and bottom heating. The 12V lighting gives a clear view of the cooking chamber, while providing the same high durability seen in premium level oven ranges. Entry Max achieves extreme heat uniformity, ideal for any type of baked product and can be equipped with the optional full refractory kit for additional heat retention. Professional pizza oven Entry Max model MAX 8. Chamber capacity: 4 x Ø 30/34 (x2). Baking surface: 70x70cm. Chamber height: 15 (x2)cm. Double chamber configuration. Power: 11.2kW (Up: 2.8kW, Down: 2.8kW). Electrical: 400V 3N+T 50/60Hz. Dimensions: 99x92x68cm. Weight: 149kg. Maximum temperature: 450°C. Features: Independent working temperatures, 12V lighting, stainless steel construction.;99;cm;92;cm;68;cm;149;kg;2593;;EUR;;;Cooking>Oven>Pizza;Pizzagroup, Pizzeria, Pizza, Oven;;;;simple;;Chamber Capacity;4 x Ø 30/34 (x2);Power Total;11.2 kW;Baking Surface;70x70 cm;Chamber Height;15 (x2) cm;Max Temperature;450°C;;;active;https://raw.githubusercontent.com/cooknation/pizzagroup/refs/heads/main/pizzagroup_video_MAX 8.mp4;https://raw.githubusercontent.com/cooknation/pizzagroup/refs/heads/main/pizzagroup_image_MAX 8.jpg;https://raw.githubusercontent.com/cooknation/pizzagroup/refs/heads/main/pizzagroup_image_2_MAX 8.jpg;https://raw.githubusercontent.com/cooknation/pizzagroup/refs/heads/main/pizzagroup_image_3_MAX 8.jpg;https://raw.githubusercontent.com/cooknation/pizzagroup/refs/heads/main/pizzagroup_datasheet_MAX 8.pdf;https://raw.githubusercontent.com/cooknation/pizzagroup/refs/heads/main/pizzagroup_manual_MAX 8.pdf;https://raw.githubusercontent.com/cooknation/pizzagroup/refs/heads/main/pizzagroup_technicalmanual_MAX 8.pdf;https://raw.githubusercontent.com/cooknation/pizzagroup/refs/heads/main/pizzagroup_drawing_MAX 8.pdf;https://raw.githubusercontent.com/cooknation/pizzagroup/refs/heads/main/pizzagroup_catalogue_MAX 8.pdf;https://raw.githubusercontent.com/cooknation/pizzagroup/refs/heads/main/pizzagroup_photo_MAX 8.jpg;https://raw.githubusercontent.com/cooknation/pizzagroup/refs/heads/main/pizzagroup_card_MAX 8.pdf;https://raw.githubusercontent.com/cooknation/pizzagroup/refs/heads/main/pizzagroup_brandcatalogue.pdf;https://raw.githubusercontent.com/cooknation/pizzagroup/refs/heads/main/pizzagroup_price.pdf
CKNPGRMAX 9;MAX 9;PIZZAGROUP;Entry Max MAX 9;Entry Max MAX 9 - 9 x Ø 30/34 - 105x105cm - Power: 12.9kW;Our Entry Max oven range provides extreme simplicity of use while never compromising functionality and quality of bake. Made entirely of stainless steel, Entry Max ovens boast independent working temperatures for both the top and bottom heating. The 12V lighting gives a clear view of the cooking chamber, while providing the same high durability seen in premium level oven ranges. Entry Max achieves extreme heat uniformity, ideal for any type of baked product and can be equipped with the optional full refractory kit for additional heat retention. Professional pizza oven Entry Max model MAX 9. Chamber capacity: 9 x Ø 30/34. Baking surface: 105x105cm. Chamber height: 15cm. Single chamber configuration. Power: 12.9kW (Up: 7.5kW, Down: 5.4kW). Electrical: 400V 3N+T 50/60Hz. Dimensions: 134x127x38cm. Weight: 130kg. Maximum temperature: 450°C. Features: Independent working temperatures, 12V lighting, stainless steel construction.;134;cm;127;cm;38;cm;130;kg;2623;;EUR;;;Cooking>Oven>Pizza;Pizzagroup, Pizzeria, Pizza, Oven;;;;simple;;Chamber Capacity;9 x Ø 30/34;Power Total;12.9 kW;Baking Surface;105x105 cm;Chamber Height;15 cm;Max Temperature;450°C;;;active;https://raw.githubusercontent.com/cooknation/pizzagroup/refs/heads/main/pizzagroup_video_MAX 9.mp4;https://raw.githubusercontent.com/cooknation/pizzagroup/refs/heads/main/pizzagroup_image_MAX 9.jpg;https://raw.githubusercontent.com/cooknation/pizzagroup/refs/heads/main/pizzagroup_image_2_MAX 9.jpg;https://raw.githubusercontent.com/cooknation/pizzagroup/refs/heads/main/pizzagroup_image_3_MAX 9.jpg;https://raw.githubusercontent.com/cooknation/pizzagroup/refs/heads/main/pizzagroup_datasheet_MAX 9.pdf;https://raw.githubusercontent.com/cooknation/pizzagroup/refs/heads/main/pizzagroup_manual_MAX 9.pdf;https://raw.githubusercontent.com/cooknation/pizzagroup/refs/heads/main/pizzagroup_technicalmanual_MAX 9.pdf;https://raw.githubusercontent.com/cooknation/pizzagroup/refs/heads/main/pizzagroup_drawing_MAX 9.pdf;https://raw.githubusercontent.com/cooknation/pizzagroup/refs/heads/main/pizzagroup_catalogue_MAX 9.pdf;https://raw.githubusercontent.com/cooknation/pizzagroup/refs/heads/main/pizzagroup_photo_MAX 9.jpg;https://raw.githubusercontent.com/cooknation/pizzagroup/refs/heads/main/pizzagroup_card_MAX 9.pdf;https://raw.githubusercontent.com/cooknation/pizzagroup/refs/heads/main/pizzagroup_brandcatalogue.pdf;https://raw.githubusercontent.com/cooknation/pizzagroup/refs/heads/main/pizzagroup_price.pdf
CKNPGRPF33;PF33;PIZZAGROUP;Pizza press;Heated pizza press, plate Ø33 cm, with edge;Being able to hand-stretch pizza dough has always been a symbol of great prestige and skill. However, in high-productivity settings, speed and precision are also essential in order to better satisfy the entire production chain. Pizza Group’s heated pizza presses are available with 33 or 45 cm-diameter plates - either with or without edge. Depending on the dough type, the desired thickness, individually controlled plate temperatures for top and bottom and pressing time can be adjusted. The teflon-coated plates allows you to use flour to press the dough, as you normally would with your traditional pizza dough recipes - no need to use oil or other fats! Dough thickness up to 5 mm, Plate temperatures up to 170°C, -Pressing time from 0.1 - 1.5 sec. Dough weight 130÷250 g | Plate Ø 33 cm | Power 3,75 kW | Voltage 400 V | Phases 3N+T | Frequency 50 Hz;47;cm;65;cm;83;cm;96;kg;5775;;EUR;;;Preparation> Press and Shaping;Pizzagroup, Pizzeria, Pizza;;;;simple;;Total power (kW);3.75;Electrical Supply;400V, 3N+T, 50 Hz;Dough weight (g);130-250;;;;;;;active;https://www.youtube.com/watch?v=_DznoCH3CuU;https://raw.githubusercontent.com/cooknation/pizzagroup/refs/heads/main/pizzagroup_image_PF33.jpg;https://raw.githubusercontent.com/cooknation/pizzagroup/refs/heads/main/pizzagroup_image_2_PF33.jpg;https://raw.githubusercontent.com/cooknation/pizzagroup/refs/heads/main/pizzagroup_image_3_PF33.jpg;https://raw.githubusercontent.com/cooknation/pizzagroup/refs/heads/main/pizzagroup_datasheet_PF33.pdf;https://raw.githubusercontent.com/cooknation/pizzagroup/refs/heads/main/pizzagroup_manual_PF33.pdf;https://raw.githubusercontent.com/cooknation/pizzagroup/refs/heads/main/pizzagroup_technicalmanual_PF33.pdf;https://raw.githubusercontent.com/cooknation/pizzagroup/refs/heads/main/pizzagroup_drawing_PF33.pdf;https://raw.githubusercontent.com/cooknation/pizzagroup/refs/heads/main/pizzagroup_catalogue_PF33.pdf;https://raw.githubusercontent.com/cooknation/pizzagroup/refs/heads/main/pizzagroup_photo_PF33.jpg;https://raw.githubusercontent.com/cooknation/pizzagroup/refs/heads/main/pizzagroup_card_PF33.pdf;https://raw.githubusercontent.com/cooknation/pizzagroup/refs/heads/main/pizzagroup_brandcatalogue.pdf;https://raw.githubusercontent.com/cooknation/pizzagroup/refs/heads/main/pizzagroup_price.pdf
CKNPGRPF33L;PF33L;PIZZAGROUP;Pizza press;Heated pizza press, plate Ø33 cm, without edge;Being able to hand-stretch pizza dough has always been a symbol of great prestige and skill. However, in high-productivity settings, speed and precision are also essential in order to better satisfy the entire production chain. Pizza Group’s heated pizza presses are available with 33 or 45 cm-diameter plates - either with or without edge. Depending on the dough type, the desired thickness, individually controlled plate temperatures for top and bottom and pressing time can be adjusted. The teflon-coated plates allows you to use flour to press the dough, as you normally would with your traditional pizza dough recipes - no need to use oil or other fats! Dough thickness up to 5 mm, Plate temperatures up to 170°C, -Pressing time from 0.1 - 1.5 sec.  Dough weight 130÷250 g | Plate Ø 33 cm | Power 3,75 kW | Voltage 400 V | Phases 3N+T | Frequency 50 Hz;47;cm;59;cm;83;cm;96;kg;5632;;EUR;;;Preparation> Press and Shaping;Pizzagroup, Pizzeria, Pizza;;;;simple;;Total power (kW);3.75;Electrical Supply;400V, 3N+T, 50 Hz;Dough weight (g);130-250;;;;;;;active;https://www.youtube.com/watch?v=_DznoCH3CuU;https://raw.githubusercontent.com/cooknation/pizzagroup/refs/heads/main/pizzagroup_image_PF33L.jpg;https://raw.githubusercontent.com/cooknation/pizzagroup/refs/heads/main/pizzagroup_image_2_PF33L.jpg;https://raw.githubusercontent.com/cooknation/pizzagroup/refs/heads/main/pizzagroup_image_3_PF33L.jpg;https://raw.githubusercontent.com/cooknation/pizzagroup/refs/heads/main/pizzagroup_datasheet_PF33L.pdf;https://raw.githubusercontent.com/cooknation/pizzagroup/refs/heads/main/pizzagroup_manual_PF33L.pdf;https://raw.githubusercontent.com/cooknation/pizzagroup/refs/heads/main/pizzagroup_technicalmanual_PF33L.pdf;https://raw.githubusercontent.com/cooknation/pizzagroup/refs/heads/main/pizzagroup_drawing_PF33L.pdf;https://raw.githubusercontent.com/cooknation/pizzagroup/refs/heads/main/pizzagroup_catalogue_PF33L.pdf;https://raw.githubusercontent.com/cooknation/pizzagroup/refs/heads/main/pizzagroup_photo_PF33L.jpg;https://raw.githubusercontent.com/cooknation/pizzagroup/refs/heads/main/pizzagroup_card_PF33L.pdf;https://raw.githubusercontent.com/cooknation/pizzagroup/refs/heads/main/pizzagroup_brandcatalogue.pdf;https://raw.githubusercontent.com/cooknation/pizzagroup/refs/heads/main/pizzagroup_price.pdf
CKNPGRPF45;PF45;PIZZAGROUP;Pizza press;Heated pizza press, plate Ø45 cm, without edge;Being able to hand-stretch pizza dough has always been a symbol of great prestige and skill. However, in high-productivity settings, speed and precision are also essential in order to better satisfy the entire production chain. Pizza Group’s heated pizza presses are available with 33 or 45 cm-diameter plates - either with or without edge. Depending on the dough type, the desired thickness, individually controlled plate temperatures for top and bottom and pressing time can be adjusted. The teflon-coated plates allows you to use flour to press the dough, as you normally would with your traditional pizza dough recipes - no need to use oil or other fats! Dough thickness up to 5 mm, Plate temperatures up to 170°C, -Pressing time from 0.1 - 1.5 sec.  Dough weight 250÷500 g | Plate Ø 45 cm | Power 5,10 kW | Voltage 400 V | Phases 3N+T | Frequency 50 Hz;63;cm;73;cm;89;cm;127;kg;7270;;EUR;;;Preparation> Press and Shaping;Pizzagroup, Pizzeria, Pizza;;;;simple;;Total power (kW);5.10;Electrical Supply;400V, 3N+T, 50 Hz;Dough weight (g);250-500;;;;;;;active;https://www.youtube.com/watch?v=_DznoCH3CuU;https://raw.githubusercontent.com/cooknation/pizzagroup/refs/heads/main/pizzagroup_image_PF45.jpg;https://raw.githubusercontent.com/cooknation/pizzagroup/refs/heads/main/pizzagroup_image_2_PF45.jpg;https://raw.githubusercontent.com/cooknation/pizzagroup/refs/heads/main/pizzagroup_image_3_PF45.jpg;https://raw.githubusercontent.com/cooknation/pizzagroup/refs/heads/main/pizzagroup_datasheet_PF45.pdf;https://raw.githubusercontent.com/cooknation/pizzagroup/refs/heads/main/pizzagroup_manual_PF45.pdf;https://raw.githubusercontent.com/cooknation/pizzagroup/refs/heads/main/pizzagroup_technicalmanual_PF45.pdf;https://raw.githubusercontent.com/cooknation/pizzagroup/refs/heads/main/pizzagroup_drawing_PF45.pdf;https://raw.githubusercontent.com/cooknation/pizzagroup/refs/heads/main/pizzagroup_catalogue_PF45.pdf;https://raw.githubusercontent.com/cooknation/pizzagroup/refs/heads/main/pizzagroup_photo_PF45.jpg;https://raw.githubusercontent.com/cooknation/pizzagroup/refs/heads/main/pizzagroup_card_PF45.pdf;https://raw.githubusercontent.com/cooknation/pizzagroup/refs/heads/main/pizzagroup_brandcatalogue.pdf;https://raw.githubusercontent.com/cooknation/pizzagroup/refs/heads/main/pizzagroup_price.pdf
CKNPGRPF45L;PF45L;PIZZAGROUP;Pizza press;Heated pizza press, plate Ø45 cm, without edge;Being able to hand-stretch pizza dough has always been a symbol of great prestige and skill. However, in high-productivity settings, speed and precision are also essential in order to better satisfy the entire production chain. Pizza Group’s heated pizza presses are available with 33 or 45 cm-diameter plates - either with or without edge. Depending on the dough type, the desired thickness, individually controlled plate temperatures for top and bottom and pressing time can be adjusted. The teflon-coated plates allows you to use flour to press the dough, as you normally would with your traditional pizza dough recipes - no need to use oil or other fats! Dough thickness up to 5 mm, Plate temperatures up to 170°C, -Pressing time from 0.1 - 1.5 sec.  Dough weight 250÷500 g | Plate Ø 45 cm | Power 5,10 kW | Voltage 400 V | Phases 3N+T | Frequency 50 Hz;63;cm;73;cm;89;cm;127;kg;7119;;EUR;;;Preparation> Press and Shaping;Pizzagroup, Pizzeria, Pizza;;;;simple;;Total power (kW);5.10;Electrical Supply;400V, 3N+T, 50 Hz;Dough weight (g);250-500;;;;;;;active;https://www.youtube.com/watch?v=_DznoCH3CuU;https://raw.githubusercontent.com/cooknation/pizzagroup/refs/heads/main/pizzagroup_image_PF45L.jpg;https://raw.githubusercontent.com/cooknation/pizzagroup/refs/heads/main/pizzagroup_image_2_PF45L.jpg;https://raw.githubusercontent.com/cooknation/pizzagroup/refs/heads/main/pizzagroup_image_3_PF45L.jpg;https://raw.githubusercontent.com/cooknation/pizzagroup/refs/heads/main/pizzagroup_datasheet_PF45L.pdf;https://raw.githubusercontent.com/cooknation/pizzagroup/refs/heads/main/pizzagroup_manual_PF45L.pdf;https://raw.githubusercontent.com/cooknation/pizzagroup/refs/heads/main/pizzagroup_technicalmanual_PF45L.pdf;https://raw.githubusercontent.com/cooknation/pizzagroup/refs/heads/main/pizzagroup_drawing_PF45L.pdf;https://raw.githubusercontent.com/cooknation/pizzagroup/refs/heads/main/pizzagroup_catalogue_PF45L.pdf;https://raw.githubusercontent.com/cooknation/pizzagroup/refs/heads/main/pizzagroup_photo_PF45L.jpg;https://raw.githubusercontent.com/cooknation/pizzagroup/refs/heads/main/pizzagroup_card_PF45L.pdf;https://raw.githubusercontent.com/cooknation/pizzagroup/refs/heads/main/pizzagroup_brandcatalogue.pdf;https://raw.githubusercontent.com/cooknation/pizzagroup/refs/heads/main/pizzagroup_price.pdf
CKNPGRPL10;PL10;PIZZAGROUP;Planetary mixer;Capacity 10 L / 2,5 Kg | Power 0,6 kW | Voltage 230 V | Phases 1N+T | Frequency 50 Hz | Bowl Ø24 x 24 cm;"The ultimate helper in the kitchen, for mixed dough as if your own hands had kneaded it. Planetary mixer, 3 speeds (PL10/20/30/40); smaller models single speed";47;cm;45;cm;60;cm;45;kg;1024;;EUR;;;Preparation> Mixers > Planetary mixers;Pizzagroup, Pizzeria, Pizza, Mixer;;;;simple;;Dough weight ( Kg);2,5;Capacity ( L);10;Power ( Kw);0,6;Bowl Size ( cm);Ø24 x 24 cm;;;;;active;https://raw.githubusercontent.com/cooknation/pizzagroup/refs/heads/main/pizzagroup_video_PL10.mp4;https://raw.githubusercontent.com/cooknation/pizzagroup/refs/heads/main/pizzagroup_image_PL10.jpg;https://raw.githubusercontent.com/cooknation/pizzagroup/refs/heads/main/pizzagroup_image_2_PL10.jpg;https://raw.githubusercontent.com/cooknation/pizzagroup/refs/heads/main/pizzagroup_image_3_PL10.jpg;https://raw.githubusercontent.com/cooknation/pizzagroup/refs/heads/main/pizzagroup_datasheet_PL10.pdf;https://raw.githubusercontent.com/cooknation/pizzagroup/refs/heads/main/pizzagroup_manual_PL10.pdf;https://raw.githubusercontent.com/cooknation/pizzagroup/refs/heads/main/pizzagroup_technicalmanual_PL10.pdf;https://raw.githubusercontent.com/cooknation/pizzagroup/refs/heads/main/pizzagroup_drawing_PL10.pdf;https://raw.githubusercontent.com/cooknation/pizzagroup/refs/heads/main/pizzagroup_catalogue_PL10.pdf;https://raw.githubusercontent.com/cooknation/pizzagroup/refs/heads/main/pizzagroup_photo_PL10.jpg;https://raw.githubusercontent.com/cooknation/pizzagroup/refs/heads/main/pizzagroup_card_PL10.pdf;https://raw.githubusercontent.com/cooknation/pizzagroup/refs/heads/main/pizzagroup_brandcatalogue.pdf;https://raw.githubusercontent.com/cooknation/pizzagroup/refs/heads/main/pizzagroup_price.pdf
CKNPGRPL20;PL20;PIZZAGROUP;Planetary mixer;Capacity 20 L / 5 Kg | Power 1,1 kW | Voltage 230 V | Phases 1N+T | Frequency 50 Hz | Bowl Ø32 x 29 cm;"The ultimate helper in the kitchen, for mixed dough as if your own hands had kneaded it. Planetary mixer, 3 speeds (PL10/20/30/40); smaller models single speed";54;cm;49;cm;78;cm;65;kg;1359;;EUR;;;Preparation> Mixers > Planetary mixers;Pizzagroup, Pizzeria, Pizza, Mixer;;;;simple;;Dough weight ( Kg);5;Capacity ( L);20;Power ( Kw);1,1;Bowl Size ( cm);Ø32 x 29 cm;;;;;active;https://raw.githubusercontent.com/cooknation/pizzagroup/refs/heads/main/pizzagroup_video_PL20.mp4;https://raw.githubusercontent.com/cooknation/pizzagroup/refs/heads/main/pizzagroup_image_PL20.jpg;https://raw.githubusercontent.com/cooknation/pizzagroup/refs/heads/main/pizzagroup_image_2_PL20.jpg;https://raw.githubusercontent.com/cooknation/pizzagroup/refs/heads/main/pizzagroup_image_3_PL20.jpg;https://raw.githubusercontent.com/cooknation/pizzagroup/refs/heads/main/pizzagroup_datasheet_PL20.pdf;https://raw.githubusercontent.com/cooknation/pizzagroup/refs/heads/main/pizzagroup_manual_PL20.pdf;https://raw.githubusercontent.com/cooknation/pizzagroup/refs/heads/main/pizzagroup_technicalmanual_PL20.pdf;https://raw.githubusercontent.com/cooknation/pizzagroup/refs/heads/main/pizzagroup_drawing_PL20.pdf;https://raw.githubusercontent.com/cooknation/pizzagroup/refs/heads/main/pizzagroup_catalogue_PL20.pdf;https://raw.githubusercontent.com/cooknation/pizzagroup/refs/heads/main/pizzagroup_photo_PL20.jpg;https://raw.githubusercontent.com/cooknation/pizzagroup/refs/heads/main/pizzagroup_card_PL20.pdf;https://raw.githubusercontent.com/cooknation/pizzagroup/refs/heads/main/pizzagroup_brandcatalogue.pdf;https://raw.githubusercontent.com/cooknation/pizzagroup/refs/heads/main/pizzagroup_price.pdf
CKNPGRPL30;PL30;PIZZAGROUP;Planetary mixer;Capacity 25 L / 6 Kg | Power 1,5 kW | Voltage 230 V | Phases 1N+T | Frequency 50 Hz | Bowl Ø34 x 32 cm;"The ultimate helper in the kitchen, for mixed dough as if your own hands had kneaded it. Planetary mixer, 3 speeds (PL10/20/30/40); smaller models single speed";57;cm;51;cm;81;cm;66;kg;1420;;EUR;;;Preparation> Mixers > Planetary mixers;Pizzagroup, Pizzeria, Pizza, Mixer;;;;simple;;Dough weight ( Kg);6;Capacity ( L);25;Power ( Kw);1,5;Bowl Size ( cm);Ø34 x 32 cm;;;;;active;https://raw.githubusercontent.com/cooknation/pizzagroup/refs/heads/main/pizzagroup_video_PL30.mp4;https://raw.githubusercontent.com/cooknation/pizzagroup/refs/heads/main/pizzagroup_image_PL30.jpg;https://raw.githubusercontent.com/cooknation/pizzagroup/refs/heads/main/pizzagroup_image_2_PL30.jpg;https://raw.githubusercontent.com/cooknation/pizzagroup/refs/heads/main/pizzagroup_image_3_PL30.jpg;https://raw.githubusercontent.com/cooknation/pizzagroup/refs/heads/main/pizzagroup_datasheet_PL30.pdf;https://raw.githubusercontent.com/cooknation/pizzagroup/refs/heads/main/pizzagroup_manual_PL30.pdf;https://raw.githubusercontent.com/cooknation/pizzagroup/refs/heads/main/pizzagroup_technicalmanual_PL30.pdf;https://raw.githubusercontent.com/cooknation/pizzagroup/refs/heads/main/pizzagroup_drawing_PL30.pdf;https://raw.githubusercontent.com/cooknation/pizzagroup/refs/heads/main/pizzagroup_catalogue_PL30.pdf;https://raw.githubusercontent.com/cooknation/pizzagroup/refs/heads/main/pizzagroup_photo_PL30.jpg;https://raw.githubusercontent.com/cooknation/pizzagroup/refs/heads/main/pizzagroup_card_PL30.pdf;https://raw.githubusercontent.com/cooknation/pizzagroup/refs/heads/main/pizzagroup_brandcatalogue.pdf;https://raw.githubusercontent.com/cooknation/pizzagroup/refs/heads/main/pizzagroup_price.pdf
CKNPGRPL40;PL40;PIZZAGROUP;Planetary mixer;Capacity 40 L / 9 Kg | Power 1,5 kW | Voltage 230 V | Phases 1N+T | Frequency 50 Hz | Bowl Ø40 x 38 cm;"The ultimate helper in the kitchen, for mixed dough as if your own hands had kneaded it. Planetary mixer, 3 speeds (PL10/20/30/40); smaller models single speed";65;cm;62;cm;112;cm;152;kg;2997;;EUR;;;Preparation> Mixers > Planetary mixers;Pizzagroup, Pizzeria, Pizza, Mixer;;;;simple;;Dough weight ( Kg);9;Capacity ( L);40;Power ( Kw);1,5;Bowl Size ( cm);Ø40 x 38 cm;;;;;active;https://raw.githubusercontent.com/cooknation/pizzagroup/refs/heads/main/pizzagroup_video_PL40.mp4;https://raw.githubusercontent.com/cooknation/pizzagroup/refs/heads/main/pizzagroup_image_PL40.jpg;https://raw.githubusercontent.com/cooknation/pizzagroup/refs/heads/main/pizzagroup_image_2_PL40.jpg;https://raw.githubusercontent.com/cooknation/pizzagroup/refs/heads/main/pizzagroup_image_3_PL40.jpg;https://raw.githubusercontent.com/cooknation/pizzagroup/refs/heads/main/pizzagroup_datasheet_PL40.pdf;https://raw.githubusercontent.com/cooknation/pizzagroup/refs/heads/main/pizzagroup_manual_PL40.pdf;https://raw.githubusercontent.com/cooknation/pizzagroup/refs/heads/main/pizzagroup_technicalmanual_PL40.pdf;https://raw.githubusercontent.com/cooknation/pizzagroup/refs/heads/main/pizzagroup_drawing_PL40.pdf;https://raw.githubusercontent.com/cooknation/pizzagroup/refs/heads/main/pizzagroup_catalogue_PL40.pdf;https://raw.githubusercontent.com/cooknation/pizzagroup/refs/heads/main/pizzagroup_photo_PL40.jpg;https://raw.githubusercontent.com/cooknation/pizzagroup/refs/heads/main/pizzagroup_card_PL40.pdf;https://raw.githubusercontent.com/cooknation/pizzagroup/refs/heads/main/pizzagroup_brandcatalogue.pdf;https://raw.githubusercontent.com/cooknation/pizzagroup/refs/heads/main/pizzagroup_price.pdf
CKNPGRPL5;PL5;PIZZAGROUP;Planetary mixer;Capacity 5 L  / 0,5 Kg| Power 0,3 kW | Voltage 230 V | Phases 1N+T | Frequency 50 Hz | Bowl Ø21,5 x 18 cm;"The ultimate helper in the kitchen, for mixed dough as if your own hands had kneaded it.Planetary mixer, 3 speeds (PL10/20/30/40); smaller models single speed";38;cm;24;cm;38;cm;12.20;kg;653;;EUR;;;Preparation> Mixers > Planetary mixers;Pizzagroup, Pizzeria, Pizza, Mixer;;;;simple;;Dough weight ( Kg);0,5;Capacity ( L);5;Power ( Kw);0,3;Bowl Size ( cm);Ø21,5 x 18 cm;;;;;active;https://raw.githubusercontent.com/cooknation/pizzagroup/refs/heads/main/pizzagroup_video_PL5.mp4;https://raw.githubusercontent.com/cooknation/pizzagroup/refs/heads/main/pizzagroup_image_PL5.jpg;https://raw.githubusercontent.com/cooknation/pizzagroup/refs/heads/main/pizzagroup_image_2_PL5.jpg;https://raw.githubusercontent.com/cooknation/pizzagroup/refs/heads/main/pizzagroup_image_3_PL5.jpg;https://raw.githubusercontent.com/cooknation/pizzagroup/refs/heads/main/pizzagroup_datasheet_PL5.pdf;https://raw.githubusercontent.com/cooknation/pizzagroup/refs/heads/main/pizzagroup_manual_PL5.pdf;https://raw.githubusercontent.com/cooknation/pizzagroup/refs/heads/main/pizzagroup_technicalmanual_PL5.pdf;https://raw.githubusercontent.com/cooknation/pizzagroup/refs/heads/main/pizzagroup_drawing_PL5.pdf;https://raw.githubusercontent.com/cooknation/pizzagroup/refs/heads/main/pizzagroup_catalogue_PL5.pdf;https://raw.githubusercontent.com/cooknation/pizzagroup/refs/heads/main/pizzagroup_photo_PL5.jpg;https://raw.githubusercontent.com/cooknation/pizzagroup/refs/heads/main/pizzagroup_card_PL5.pdf;https://raw.githubusercontent.com/cooknation/pizzagroup/refs/heads/main/pizzagroup_brandcatalogue.pdf;https://raw.githubusercontent.com/cooknation/pizzagroup/refs/heads/main/pizzagroup_price.pdf
CKNPGRPL7;PL7;PIZZAGROUP;Planetary mixer;Capacity 7 L / 0,5 Kg | Power 0,325 kW | Voltage 230 V | Phases 1N+T | Frequency 50 Hz | Bowl Ø22 x 25 cm;"The ultimate helper in the kitchen, for mixed dough as if your own hands had kneaded it.Planetary mixer, 3 speeds (PL10/20/30/40); smaller models single speed";38;cm;24;cm;41;cm;15.60;kg;710;;EUR;;;Preparation> Mixers > Planetary mixers;Pizzagroup, Pizzeria, Pizza, Mixer;;;;simple;;Dough weight ( Kg);0,5;Capacity ( L);7;Power ( Kw);0,325;Bowl Size ( cm);Ø22 x 25 cm;;;;;active;https://raw.githubusercontent.com/cooknation/pizzagroup/refs/heads/main/pizzagroup_video_PL7.mp4;https://raw.githubusercontent.com/cooknation/pizzagroup/refs/heads/main/pizzagroup_image_PL7.jpg;https://raw.githubusercontent.com/cooknation/pizzagroup/refs/heads/main/pizzagroup_image_2_PL7.jpg;https://raw.githubusercontent.com/cooknation/pizzagroup/refs/heads/main/pizzagroup_image_3_PL7.jpg;https://raw.githubusercontent.com/cooknation/pizzagroup/refs/heads/main/pizzagroup_datasheet_PL7.pdf;https://raw.githubusercontent.com/cooknation/pizzagroup/refs/heads/main/pizzagroup_manual_PL7.pdf;https://raw.githubusercontent.com/cooknation/pizzagroup/refs/heads/main/pizzagroup_technicalmanual_PL7.pdf;https://raw.githubusercontent.com/cooknation/pizzagroup/refs/heads/main/pizzagroup_drawing_PL7.pdf;https://raw.githubusercontent.com/cooknation/pizzagroup/refs/heads/main/pizzagroup_catalogue_PL7.pdf;https://raw.githubusercontent.com/cooknation/pizzagroup/refs/heads/main/pizzagroup_photo_PL7.jpg;https://raw.githubusercontent.com/cooknation/pizzagroup/refs/heads/main/pizzagroup_card_PL7.pdf;https://raw.githubusercontent.com/cooknation/pizzagroup/refs/heads/main/pizzagroup_brandcatalogue.pdf;https://raw.githubusercontent.com/cooknation/pizzagroup/refs/heads/main/pizzagroup_price.pdf
CKNPGRPL7D;PL7D;PIZZAGROUP;Planetary mixer;Capacity 7 L / 0,8 Kg | Power 0,65 kW | Voltage 230 V | Phases 1N+T | Frequency 50 Hz | Bowl Ø23 x 19 cm;"The ultimate helper in the kitchen, for mixed dough as if your own hands had kneaded it. Planetary mixer, 3 speeds (PL10/20/30/40); smaller models single speed";46;cm;34;cm;52;cm;20;kg;1061;;EUR;;;Preparation> Mixers > Planetary mixers;Pizzagroup, Pizzeria, Pizza, Mixer;;;;simple;;Dough weight ( Kg);0,8;Capacity ( L);7;Power ( Kw);0,65;Bowl Size ( cm);Ø23 x 19 cm;;;;;active;https://raw.githubusercontent.com/cooknation/pizzagroup/refs/heads/main/pizzagroup_video_PL7D.mp4;https://raw.githubusercontent.com/cooknation/pizzagroup/refs/heads/main/pizzagroup_image_PL7D.jpg;https://raw.githubusercontent.com/cooknation/pizzagroup/refs/heads/main/pizzagroup_image_2_PL7D.jpg;https://raw.githubusercontent.com/cooknation/pizzagroup/refs/heads/main/pizzagroup_image_3_PL7D.jpg;https://raw.githubusercontent.com/cooknation/pizzagroup/refs/heads/main/pizzagroup_datasheet_PL7D.pdf;https://raw.githubusercontent.com/cooknation/pizzagroup/refs/heads/main/pizzagroup_manual_PL7D.pdf;https://raw.githubusercontent.com/cooknation/pizzagroup/refs/heads/main/pizzagroup_technicalmanual_PL7D.pdf;https://raw.githubusercontent.com/cooknation/pizzagroup/refs/heads/main/pizzagroup_drawing_PL7D.pdf;https://raw.githubusercontent.com/cooknation/pizzagroup/refs/heads/main/pizzagroup_catalogue_PL7D.pdf;https://raw.githubusercontent.com/cooknation/pizzagroup/refs/heads/main/pizzagroup_photo_PL7D.jpg;https://raw.githubusercontent.com/cooknation/pizzagroup/refs/heads/main/pizzagroup_card_PL7D.pdf;https://raw.githubusercontent.com/cooknation/pizzagroup/refs/heads/main/pizzagroup_brandcatalogue.pdf;https://raw.githubusercontent.com/cooknation/pizzagroup/refs/heads/main/pizzagroup_price.pdf
CKNPGRPYCIRCLE;PYCIRCLE;PIZZAGROUP;Electric Rotating Pizza Oven;Rotating electric pizza oven with Activestone technology.;The Pizza Group rotating oven is a functional product. Due to the fact that it constantly rotates, the heat is evenly distributed across the pizzas, thus preventing particular sections from burning and making the pizza chef’s life easier. The heat is made even more uniform, thanks to the Activestone system, complete with built-in heating elements, housed within the rotating plate. A system thatmakes reaching and maintaining the selected temperature much easier, thereby ensuring noticeable energy savings. The ultra-intuitive digital control panel boasts a programmed on/off function, whilst the Start and Stop lever switch allows the rotating plate to be stopped and restarted, as and when needed.;143.0;cm;136.0;cm;55.0;cm;45.0;kg;9689.0;;EUR;;;Cooking>Oven>Pizza;Pizzagroup, Pizzeria, Pizza, Oven;;;;simple;;Capacity;7 x Ø 30, 6 x Ø 34, 3 x Ø 45, ;Power Total;16.87 kW;Electrical supply;400V, 3N+T, 50 Hz;Chamber height (cm);10;;;;;active;https://raw.githubusercontent.com/cooknation/pizzagroup/refs/heads/main/pizzagroup_video_PYCIRCLE.mp4;https://raw.githubusercontent.com/cooknation/pizzagroup/refs/heads/main/pizzagroup_image_PYCIRCLE.jpg;https://raw.githubusercontent.com/cooknation/pizzagroup/refs/heads/main/pizzagroup_image_2_PYCIRCLE.jpg;https://raw.githubusercontent.com/cooknation/pizzagroup/refs/heads/main/pizzagroup_image_3_PYCIRCLE.jpg;https://raw.githubusercontent.com/cooknation/pizzagroup/refs/heads/main/pizzagroup_datasheet_PYCIRCLE.pdf;https://raw.githubusercontent.com/cooknation/pizzagroup/refs/heads/main/pizzagroup_manual_PYCIRCLE.pdf;https://raw.githubusercontent.com/cooknation/pizzagroup/refs/heads/main/pizzagroup_technicalmanual_PYCIRCLE.pdf;https://raw.githubusercontent.com/cooknation/pizzagroup/refs/heads/main/pizzagroup_drawing_PYCIRCLE.pdf;https://raw.githubusercontent.com/cooknation/pizzagroup/refs/heads/main/pizzagroup_catalogue_PYCIRCLE.pdf;https://raw.githubusercontent.com/cooknation/pizzagroup/refs/heads/main/pizzagroup_photo_PYCIRCLE.jpg;https://raw.githubusercontent.com/cooknation/pizzagroup/refs/heads/main/pizzagroup_card_PYCIRCLE.pdf;https://raw.githubusercontent.com/cooknation/pizzagroup/refs/heads/main/pizzagroup_brandcatalogue.pdf;https://raw.githubusercontent.com/cooknation/pizzagroup/refs/heads/main/pizzagroup_price.pdf
CKNPGRPYD12;PYD12;PIZZAGROUP;PYRALIS Standard PY D12;PYRALIS Standard - 6 x Ø 30/34 (x2) - 70x105cm - Power: 17.76kW;A Made-in-Italy style, quality and guarantee. The Pyralis ovens fully satisfy the needs of pizza professionals by providing the utmost in: performance, sturdiness, quality, technology and design. Pizza Group has renewed its line of Pyralis ovens by focusing extensively on product aesthetics, making them the perfect solution for front of house installations. The entire Pyralis line is equipped with the high-performance Activestone technology, and may be ordered with full refractory chamber for an even higher thermal efficiency. Professional pizza oven PYRALIS Standard model PY D12. Chamber capacity: 6 x Ø 30/34 (x2). Baking surface: 70x105cm. Chamber height: 15 (x2)cm. Power: 17.76kW (Up: 5.4kW, Down: 3.48kW). Electrical: 400V 3N+T 50/60Hz. Dimensions: 113x138x72cm. Weight: 217kg.;113;cm;138;cm;72;cm;217;kg;6378;;EUR;;;Cooking>Oven>Pizza;Pizzagroup, Pizzeria, Pizza, Oven;;;;simple;;Chamber Capacity;6 x Ø 30/34 (x2);Power Total;17.76 kW;Baking Surface;70x105 cm;Chamber Height;15 (x2) cm;Voltage;400V 3N+T;;;active;https://www.youtube.com/watch?v=Du_vDF5oEqI;https://raw.githubusercontent.com/cooknation/pizzagroup/refs/heads/main/pizzagroup_image_PYD12.jpg;https://raw.githubusercontent.com/cooknation/pizzagroup/refs/heads/main/pizzagroup_image_2_PYD12.jpg;https://raw.githubusercontent.com/cooknation/pizzagroup/refs/heads/main/pizzagroup_image_3_PYD12.jpg;https://raw.githubusercontent.com/cooknation/pizzagroup/refs/heads/main/pizzagroup_datasheet_PYD12.pdf;https://raw.githubusercontent.com/cooknation/pizzagroup/refs/heads/main/pizzagroup_manual_PYD12.pdf;https://raw.githubusercontent.com/cooknation/pizzagroup/refs/heads/main/pizzagroup_technicalmanual_PYD12.pdf;https://raw.githubusercontent.com/cooknation/pizzagroup/refs/heads/main/pizzagroup_drawing_PYD12.pdf;https://raw.githubusercontent.com/cooknation/pizzagroup/refs/heads/main/pizzagroup_catalogue_PYD12.pdf;https://raw.githubusercontent.com/cooknation/pizzagroup/refs/heads/main/pizzagroup_photo_PYD12.jpg;https://raw.githubusercontent.com/cooknation/pizzagroup/refs/heads/main/pizzagroup_card_PYD12.pdf;https://raw.githubusercontent.com/cooknation/pizzagroup/refs/heads/main/pizzagroup_brandcatalogue.pdf;https://raw.githubusercontent.com/cooknation/pizzagroup/refs/heads/main/pizzagroup_price.pdf
CKNPGRPYD12L;PYD12L;PIZZAGROUP;PYRALIS Standard PY D12L;PYRALIS Standard - 6 x Ø 30/34 (x2) - 105x70cm - Power: 18kW;A Made-in-Italy style, quality and guarantee. The Pyralis ovens fully satisfy the needs of pizza professionals by providing the utmost in: performance, sturdiness, quality, technology and design. Pizza Group has renewed its line of Pyralis ovens by focusing extensively on product aesthetics, making them the perfect solution for front of house installations. The entire Pyralis line is equipped with the high-performance Activestone technology, and may be ordered with full refractory chamber for an even higher thermal efficiency. Professional pizza oven PYRALIS Standard model PY D12L. Chamber capacity: 6 x Ø 30/34 (x2). Baking surface: 105x70cm. Chamber height: 15 (x2)cm. Power: 18kW (Up: 5.4kW, Down: 3.6kW). Electrical: 400V 3N+T 50/60Hz. Dimensions: 148x103x72cm. Weight: 231kg.;148;cm;103;cm;72;cm;231;kg;6972;;EUR;;;Cooking>Oven>Pizza;Pizzagroup, Pizzeria, Pizza, Oven;;;;simple;;Chamber Capacity;6 x Ø 30/34 (x2);Power Total;18 kW;Baking Surface;105x70 cm;Chamber Height;15 (x2) cm;Voltage;400V 3N+T;;;active;https://www.youtube.com/watch?v=Du_vDF5oEqI;https://raw.githubusercontent.com/cooknation/pizzagroup/refs/heads/main/pizzagroup_image_PYD12L.jpg;https://raw.githubusercontent.com/cooknation/pizzagroup/refs/heads/main/pizzagroup_image_2_PYD12L.jpg;https://raw.githubusercontent.com/cooknation/pizzagroup/refs/heads/main/pizzagroup_image_3_PYD12L.jpg;https://raw.githubusercontent.com/cooknation/pizzagroup/refs/heads/main/pizzagroup_datasheet_PYD12L.pdf;https://raw.githubusercontent.com/cooknation/pizzagroup/refs/heads/main/pizzagroup_manual_PYD12L.pdf;https://raw.githubusercontent.com/cooknation/pizzagroup/refs/heads/main/pizzagroup_technicalmanual_PYD12L.pdf;https://raw.githubusercontent.com/cooknation/pizzagroup/refs/heads/main/pizzagroup_drawing_PYD12L.pdf;https://raw.githubusercontent.com/cooknation/pizzagroup/refs/heads/main/pizzagroup_catalogue_PYD12L.pdf;https://raw.githubusercontent.com/cooknation/pizzagroup/refs/heads/main/pizzagroup_photo_PYD12L.jpg;https://raw.githubusercontent.com/cooknation/pizzagroup/refs/heads/main/pizzagroup_card_PYD12L.pdf;https://raw.githubusercontent.com/cooknation/pizzagroup/refs/heads/main/pizzagroup_brandcatalogue.pdf;https://raw.githubusercontent.com/cooknation/pizzagroup/refs/heads/main/pizzagroup_price.pdf
CKNPGRPYD18;PYD18;PIZZAGROUP;PYRALIS Standard PY D18;PYRALIS Standard - 9 x Ø 30/34 (x2) - 105x105cm - Power: 26.64kW;A Made-in-Italy style, quality and guarantee. The Pyralis ovens fully satisfy the needs of pizza professionals by providing the utmost in: performance, sturdiness, quality, technology and design. Pizza Group has renewed its line of Pyralis ovens by focusing extensively on product aesthetics, making them the perfect solution for front of house installations. The entire Pyralis line is equipped with the high-performance Activestone technology, and may be ordered with full refractory chamber for an even higher thermal efficiency. Professional pizza oven PYRALIS Standard model PY D18. Chamber capacity: 9 x Ø 30/34 (x2). Baking surface: 105x105cm. Chamber height: 15 (x2)cm. Power: 26.64kW (Up: 8.1kW, Down: 5.22kW). Electrical: 400V 3N+T 50/60Hz. Dimensions: 148x138x72cm. Weight: 290kg.;148;cm;138;cm;72;cm;290;kg;8023;;EUR;;;Cooking>Oven>Pizza;Pizzagroup, Pizzeria, Pizza, Oven;;;;simple;;Chamber Capacity;9 x Ø 30/34 (x2);Power Total;26.64 kW;Baking Surface;105x105 cm;Chamber Height;15 (x2) cm;Voltage;400V 3N+T;;;active;https://www.youtube.com/watch?v=Du_vDF5oEqI;https://raw.githubusercontent.com/cooknation/pizzagroup/refs/heads/main/pizzagroup_image_PYD18.jpg;https://raw.githubusercontent.com/cooknation/pizzagroup/refs/heads/main/pizzagroup_image_2_PYD18.jpg;https://raw.githubusercontent.com/cooknation/pizzagroup/refs/heads/main/pizzagroup_image_3_PYD18.jpg;https://raw.githubusercontent.com/cooknation/pizzagroup/refs/heads/main/pizzagroup_datasheet_PYD18.pdf;https://raw.githubusercontent.com/cooknation/pizzagroup/refs/heads/main/pizzagroup_manual_PYD18.pdf;https://raw.githubusercontent.com/cooknation/pizzagroup/refs/heads/main/pizzagroup_technicalmanual_PYD18.pdf;https://raw.githubusercontent.com/cooknation/pizzagroup/refs/heads/main/pizzagroup_drawing_PYD18.pdf;https://raw.githubusercontent.com/cooknation/pizzagroup/refs/heads/main/pizzagroup_catalogue_PYD18.pdf;https://raw.githubusercontent.com/cooknation/pizzagroup/refs/heads/main/pizzagroup_photo_PYD18.jpg;https://raw.githubusercontent.com/cooknation/pizzagroup/refs/heads/main/pizzagroup_card_PYD18.pdf;https://raw.githubusercontent.com/cooknation/pizzagroup/refs/heads/main/pizzagroup_brandcatalogue.pdf;https://raw.githubusercontent.com/cooknation/pizzagroup/refs/heads/main/pizzagroup_price.pdf
CKNPGRPYD4;PYD4;PIZZAGROUP;PYRALIS Standard PY D4;PYRALIS Standard - 4 x Ø 30/34 - 70x70cm - Power: 6.6kW;A Made-in-Italy style, quality and guarantee. The Pyralis ovens fully satisfy the needs of pizza professionals by providing the utmost in: performance, sturdiness, quality, technology and design. Pizza Group has renewed its line of Pyralis ovens by focusing extensively on product aesthetics, making them the perfect solution for front of house installations. The entire Pyralis line is equipped with the high-performance Activestone technology, and may be ordered with full refractory chamber for an even higher thermal efficiency. Professional pizza oven PYRALIS Standard model PY D4. Chamber capacity: 4 x Ø 30/34. Baking surface: 70x70cm. Chamber height: 15cm. Power: 6.6kW (Up: 4.2kW, Down: 2.4kW). Electrical: 400V 3N+T 50/60Hz. Dimensions: 113x103x40cm. Weight: 115kg.;113;cm;103;cm;40;cm;115;kg;3142;;EUR;;;Cooking>Oven>Pizza;Pizzagroup, Pizzeria, Pizza, Oven;;;;simple;;Chamber Capacity;4 x Ø 30/34;Power Total;6.6 kW;Baking Surface;70x70 cm;Chamber Height;15 cm;Voltage;400V 3N+T;;;active;https://www.youtube.com/watch?v=Du_vDF5oEqI;https://raw.githubusercontent.com/cooknation/pizzagroup/refs/heads/main/pizzagroup_image_PYD4.jpg;https://raw.githubusercontent.com/cooknation/pizzagroup/refs/heads/main/pizzagroup_image_2_PYD4.jpg;https://raw.githubusercontent.com/cooknation/pizzagroup/refs/heads/main/pizzagroup_image_3_PYD4.jpg;https://raw.githubusercontent.com/cooknation/pizzagroup/refs/heads/main/pizzagroup_datasheet_PYD4.pdf;https://raw.githubusercontent.com/cooknation/pizzagroup/refs/heads/main/pizzagroup_manual_PYD4.pdf;https://raw.githubusercontent.com/cooknation/pizzagroup/refs/heads/main/pizzagroup_technicalmanual_PYD4.pdf;https://raw.githubusercontent.com/cooknation/pizzagroup/refs/heads/main/pizzagroup_drawing_PYD4.pdf;https://raw.githubusercontent.com/cooknation/pizzagroup/refs/heads/main/pizzagroup_catalogue_PYD4.pdf;https://raw.githubusercontent.com/cooknation/pizzagroup/refs/heads/main/pizzagroup_photo_PYD4.jpg;https://raw.githubusercontent.com/cooknation/pizzagroup/refs/heads/main/pizzagroup_card_PYD4.pdf;https://raw.githubusercontent.com/cooknation/pizzagroup/refs/heads/main/pizzagroup_brandcatalogue.pdf;https://raw.githubusercontent.com/cooknation/pizzagroup/refs/heads/main/pizzagroup_price.pdf
CKNPGRPYD6;PYD6;PIZZAGROUP;PYRALIS Standard PY D6;PYRALIS Standard - 6 x Ø 30/34 - 70x105cm - Power: 8.88kW;A Made-in-Italy style, quality and guarantee. The Pyralis ovens fully satisfy the needs of pizza professionals by providing the utmost in: performance, sturdiness, quality, technology and design. Pizza Group has renewed its line of Pyralis ovens by focusing extensively on product aesthetics, making them the perfect solution for front of house installations. The entire Pyralis line is equipped with the high-performance Activestone technology, and may be ordered with full refractory chamber for an even higher thermal efficiency. Professional pizza oven PYRALIS Standard model PY D6. Chamber capacity: 6 x Ø 30/34. Baking surface: 70x105cm. Chamber height: 15cm. Power: 8.88kW (Up: 5.4kW, Down: 3.48kW). Electrical: 400V 3N+T 50/60Hz. Dimensions: 113x138x40cm. Weight: 129kg.;113;cm;138;cm;40;cm;129;kg;3683;;EUR;;;Cooking>Oven>Pizza;Pizzagroup, Pizzeria, Pizza, Oven;;;;simple;;Chamber Capacity;6 x Ø 30/34;Power Total;8.88 kW;Baking Surface;70x105 cm;Chamber Height;15 cm;Voltage;400V 3N+T;;;active;https://www.youtube.com/watch?v=Du_vDF5oEqI;https://raw.githubusercontent.com/cooknation/pizzagroup/refs/heads/main/pizzagroup_image_PYD6.jpg;https://raw.githubusercontent.com/cooknation/pizzagroup/refs/heads/main/pizzagroup_image_2_PYD6.jpg;https://raw.githubusercontent.com/cooknation/pizzagroup/refs/heads/main/pizzagroup_image_3_PYD6.jpg;https://raw.githubusercontent.com/cooknation/pizzagroup/refs/heads/main/pizzagroup_datasheet_PYD6.pdf;https://raw.githubusercontent.com/cooknation/pizzagroup/refs/heads/main/pizzagroup_manual_PYD6.pdf;https://raw.githubusercontent.com/cooknation/pizzagroup/refs/heads/main/pizzagroup_technicalmanual_PYD6.pdf;https://raw.githubusercontent.com/cooknation/pizzagroup/refs/heads/main/pizzagroup_drawing_PYD6.pdf;https://raw.githubusercontent.com/cooknation/pizzagroup/refs/heads/main/pizzagroup_catalogue_PYD6.pdf;https://raw.githubusercontent.com/cooknation/pizzagroup/refs/heads/main/pizzagroup_photo_PYD6.jpg;https://raw.githubusercontent.com/cooknation/pizzagroup/refs/heads/main/pizzagroup_card_PYD6.pdf;https://raw.githubusercontent.com/cooknation/pizzagroup/refs/heads/main/pizzagroup_brandcatalogue.pdf;https://raw.githubusercontent.com/cooknation/pizzagroup/refs/heads/main/pizzagroup_price.pdf
CKNPGRPYD6L;PYD6L;PIZZAGROUP;PYRALIS Standard PY D6L;PYRALIS Standard - 6 x Ø 30/34 - 105x70cm - Power: 9kW;A Made-in-Italy style, quality and guarantee. The Pyralis ovens fully satisfy the needs of pizza professionals by providing the utmost in: performance, sturdiness, quality, technology and design. Pizza Group has renewed its line of Pyralis ovens by focusing extensively on product aesthetics, making them the perfect solution for front of house installations. The entire Pyralis line is equipped with the high-performance Activestone technology, and may be ordered with full refractory chamber for an even higher thermal efficiency. Professional pizza oven PYRALIS Standard model PY D6L. Chamber capacity: 6 x Ø 30/34. Baking surface: 105x70cm. Chamber height: 15cm. Power: 9kW (Up: 5.4kW, Down: 3.6kW). Electrical: 400V 3N+T 50/60Hz. Dimensions: 148x103x40cm. Weight: 139kg.;148;cm;103;cm;40;cm;139;kg;3986;;EUR;;;Cooking>Oven>Pizza;Pizzagroup, Pizzeria, Pizza, Oven;;;;simple;;Chamber Capacity;6 x Ø 30/34;Power Total;9 kW;Baking Surface;105x70 cm;Chamber Height;15 cm;Voltage;400V 3N+T;;;active;https://www.youtube.com/watch?v=Du_vDF5oEqI;https://raw.githubusercontent.com/cooknation/pizzagroup/refs/heads/main/pizzagroup_image_PYD6L.jpg;https://raw.githubusercontent.com/cooknation/pizzagroup/refs/heads/main/pizzagroup_image_2_PYD6L.jpg;https://raw.githubusercontent.com/cooknation/pizzagroup/refs/heads/main/pizzagroup_image_3_PYD6L.jpg;https://raw.githubusercontent.com/cooknation/pizzagroup/refs/heads/main/pizzagroup_datasheet_PYD6L.pdf;https://raw.githubusercontent.com/cooknation/pizzagroup/refs/heads/main/pizzagroup_manual_PYD6L.pdf;https://raw.githubusercontent.com/cooknation/pizzagroup/refs/heads/main/pizzagroup_technicalmanual_PYD6L.pdf;https://raw.githubusercontent.com/cooknation/pizzagroup/refs/heads/main/pizzagroup_drawing_PYD6L.pdf;https://raw.githubusercontent.com/cooknation/pizzagroup/refs/heads/main/pizzagroup_catalogue_PYD6L.pdf;https://raw.githubusercontent.com/cooknation/pizzagroup/refs/heads/main/pizzagroup_photo_PYD6L.jpg;https://raw.githubusercontent.com/cooknation/pizzagroup/refs/heads/main/pizzagroup_card_PYD6L.pdf;https://raw.githubusercontent.com/cooknation/pizzagroup/refs/heads/main/pizzagroup_brandcatalogue.pdf;https://raw.githubusercontent.com/cooknation/pizzagroup/refs/heads/main/pizzagroup_price.pdf
CKNPGRPYD8;PYD8;PIZZAGROUP;PYRALIS Standard PY D8;PYRALIS Standard - 4 x Ø 30/34 (x2) - 70x70cm - Power: 13.2kW;A Made-in-Italy style, quality and guarantee. The Pyralis ovens fully satisfy the needs of pizza professionals by providing the utmost in: performance, sturdiness, quality, technology and design. Pizza Group has renewed its line of Pyralis ovens by focusing extensively on product aesthetics, making them the perfect solution for front of house installations. The entire Pyralis line is equipped with the high-performance Activestone technology, and may be ordered with full refractory chamber for an even higher thermal efficiency. Professional pizza oven PYRALIS Standard model PY D8. Chamber capacity: 4 x Ø 30/34 (x2). Baking surface: 70x70cm. Chamber height: 15 (x2)cm. Power: 13.2kW (Up: 4.2kW, Down: 2.4kW). Electrical: 400V 3N+T 50/60Hz. Dimensions: 113x103x72cm. Weight: 183kg.;113;cm;103;cm;72;cm;183;kg;5447;;EUR;;;Cooking>Oven>Pizza;Pizzagroup, Pizzeria, Pizza, Oven;;;;simple;;Chamber Capacity;4 x Ø 30/34 (x2);Power Total;13.2 kW;Baking Surface;70x70 cm;Chamber Height;15 (x2) cm;Voltage;400V 3N+T;;;active;https://www.youtube.com/watch?v=Du_vDF5oEqI;https://raw.githubusercontent.com/cooknation/pizzagroup/refs/heads/main/pizzagroup_image_PYD8.jpg;https://raw.githubusercontent.com/cooknation/pizzagroup/refs/heads/main/pizzagroup_image_2_PYD8.jpg;https://raw.githubusercontent.com/cooknation/pizzagroup/refs/heads/main/pizzagroup_image_3_PYD8.jpg;https://raw.githubusercontent.com/cooknation/pizzagroup/refs/heads/main/pizzagroup_datasheet_PYD8.pdf;https://raw.githubusercontent.com/cooknation/pizzagroup/refs/heads/main/pizzagroup_manual_PYD8.pdf;https://raw.githubusercontent.com/cooknation/pizzagroup/refs/heads/main/pizzagroup_technicalmanual_PYD8.pdf;https://raw.githubusercontent.com/cooknation/pizzagroup/refs/heads/main/pizzagroup_drawing_PYD8.pdf;https://raw.githubusercontent.com/cooknation/pizzagroup/refs/heads/main/pizzagroup_catalogue_PYD8.pdf;https://raw.githubusercontent.com/cooknation/pizzagroup/refs/heads/main/pizzagroup_photo_PYD8.jpg;https://raw.githubusercontent.com/cooknation/pizzagroup/refs/heads/main/pizzagroup_card_PYD8.pdf;https://raw.githubusercontent.com/cooknation/pizzagroup/refs/heads/main/pizzagroup_brandcatalogue.pdf;https://raw.githubusercontent.com/cooknation/pizzagroup/refs/heads/main/pizzagroup_price.pdf
CKNPGRPYD9;PYD9;PIZZAGROUP;PYRALIS Standard PY D9;PYRALIS Standard - 9 x Ø 30/34 - 105x105cm - Power: 13.32kW;A Made-in-Italy style, quality and guarantee. The Pyralis ovens fully satisfy the needs of pizza professionals by providing the utmost in: performance, sturdiness, quality, technology and design. Pizza Group has renewed its line of Pyralis ovens by focusing extensively on product aesthetics, making them the perfect solution for front of house installations. The entire Pyralis line is equipped with the high-performance Activestone technology, and may be ordered with full refractory chamber for an even higher thermal efficiency. Professional pizza oven PYRALIS Standard model PY D9. Chamber capacity: 9 x Ø 30/34. Baking surface: 105x105cm. Chamber height: 15cm. Power: 13.32kW (Up: 8.1kW, Down: 5.22kW). Electrical: 400V 3N+T 50/60Hz. Dimensions: 148x138x40cm. Weight: 159kg.;148;cm;138;cm;40;cm;159;kg;4620;;EUR;;;Cooking>Oven>Pizza;Pizzagroup, Pizzeria, Pizza, Oven;;;;simple;;Chamber Capacity;9 x Ø 30/34;Power Total;13.32 kW;Baking Surface;105x105 cm;Chamber Height;15 cm;Voltage;400V 3N+T;;;active;https://www.youtube.com/watch?v=Du_vDF5oEqI;https://raw.githubusercontent.com/cooknation/pizzagroup/refs/heads/main/pizzagroup_image_PYD9.jpg;https://raw.githubusercontent.com/cooknation/pizzagroup/refs/heads/main/pizzagroup_image_2_PYD9.jpg;https://raw.githubusercontent.com/cooknation/pizzagroup/refs/heads/main/pizzagroup_image_3_PYD9.jpg;https://raw.githubusercontent.com/cooknation/pizzagroup/refs/heads/main/pizzagroup_datasheet_PYD9.pdf;https://raw.githubusercontent.com/cooknation/pizzagroup/refs/heads/main/pizzagroup_manual_PYD9.pdf;https://raw.githubusercontent.com/cooknation/pizzagroup/refs/heads/main/pizzagroup_technicalmanual_PYD9.pdf;https://raw.githubusercontent.com/cooknation/pizzagroup/refs/heads/main/pizzagroup_drawing_PYD9.pdf;https://raw.githubusercontent.com/cooknation/pizzagroup/refs/heads/main/pizzagroup_catalogue_PYD9.pdf;https://raw.githubusercontent.com/cooknation/pizzagroup/refs/heads/main/pizzagroup_photo_PYD9.jpg;https://raw.githubusercontent.com/cooknation/pizzagroup/refs/heads/main/pizzagroup_card_PYD9.pdf;https://raw.githubusercontent.com/cooknation/pizzagroup/refs/heads/main/pizzagroup_brandcatalogue.pdf;https://raw.githubusercontent.com/cooknation/pizzagroup/refs/heads/main/pizzagroup_price.pdf
CKNPGRPYM12;PYM12;PIZZAGROUP;PYRALIS Standard PY M12;PYRALIS Standard - 6 x Ø 30/34 (x2) - 70x105cm - Power: 17.76kW;A Made-in-Italy style, quality and guarantee. The Pyralis ovens fully satisfy the needs of pizza professionals by providing the utmost in: performance, sturdiness, quality, technology and design. Pizza Group has renewed its line of Pyralis ovens by focusing extensively on product aesthetics, making them the perfect solution for front of house installations. The entire Pyralis line is equipped with the high-performance Activestone technology, and may be ordered with full refractory chamber for an even higher thermal efficiency. Professional pizza oven PYRALIS Standard model PY M12. Chamber capacity: 6 x Ø 30/34 (x2). Baking surface: 70x105cm. Chamber height: 15 (x2)cm. Power: 17.76kW (Up: 5.4kW, Down: 3.48kW). Electrical: 400V 3N+T 50/60Hz. Dimensions: 113x138x72cm. Weight: 217kg.;113;cm;138;cm;72;cm;217;kg;5610;;EUR;;;Cooking>Oven>Pizza;Pizzagroup, Pizzeria, Pizza, Oven;;;;simple;;Chamber Capacity;6 x Ø 30/34 (x2);Power Total;17.76 kW;Baking Surface;70x105 cm;Chamber Height;15 (x2) cm;Voltage;400V 3N+T;;;active;https://www.youtube.com/watch?v=Du_vDF5oEqI;https://raw.githubusercontent.com/cooknation/pizzagroup/refs/heads/main/pizzagroup_image_PYM12.jpg;https://raw.githubusercontent.com/cooknation/pizzagroup/refs/heads/main/pizzagroup_image_2_PYM12.jpg;https://raw.githubusercontent.com/cooknation/pizzagroup/refs/heads/main/pizzagroup_image_3_PYM12.jpg;https://raw.githubusercontent.com/cooknation/pizzagroup/refs/heads/main/pizzagroup_datasheet_PYM12.pdf;https://raw.githubusercontent.com/cooknation/pizzagroup/refs/heads/main/pizzagroup_manual_PYM12.pdf;https://raw.githubusercontent.com/cooknation/pizzagroup/refs/heads/main/pizzagroup_technicalmanual_PYM12.pdf;https://raw.githubusercontent.com/cooknation/pizzagroup/refs/heads/main/pizzagroup_drawing_PYM12.pdf;https://raw.githubusercontent.com/cooknation/pizzagroup/refs/heads/main/pizzagroup_catalogue_PYM12.pdf;https://raw.githubusercontent.com/cooknation/pizzagroup/refs/heads/main/pizzagroup_photo_PYM12.jpg;https://raw.githubusercontent.com/cooknation/pizzagroup/refs/heads/main/pizzagroup_card_PYM12.pdf;https://raw.githubusercontent.com/cooknation/pizzagroup/refs/heads/main/pizzagroup_brandcatalogue.pdf;https://raw.githubusercontent.com/cooknation/pizzagroup/refs/heads/main/pizzagroup_price.pdf
CKNPGRPYM12L;PYM12L;PIZZAGROUP;PYRALIS Standard PY M12L;PYRALIS Standard - 6 x Ø 30/34 (x2) - 105x70cm - Power: 18kW;A Made-in-Italy style, quality and guarantee. The Pyralis ovens fully satisfy the needs of pizza professionals by providing the utmost in: performance, sturdiness, quality, technology and design. Pizza Group has renewed its line of Pyralis ovens by focusing extensively on product aesthetics, making them the perfect solution for front of house installations. The entire Pyralis line is equipped with the high-performance Activestone technology, and may be ordered with full refractory chamber for an even higher thermal efficiency. Professional pizza oven PYRALIS Standard model PY M12L. Chamber capacity: 6 x Ø 30/34 (x2). Baking surface: 105x70cm. Chamber height: 15 (x2)cm. Power: 18kW (Up: 5.4kW, Down: 3.6kW). Electrical: 400V 3N+T 50/60Hz. Dimensions: 148x103x72cm. Weight: 231kg.;148;cm;103;cm;72;cm;231;kg;6202;;EUR;;;Cooking>Oven>Pizza;Pizzagroup, Pizzeria, Pizza, Oven;;;;simple;;Chamber Capacity;6 x Ø 30/34 (x2);Power Total;18 kW;Baking Surface;105x70 cm;Chamber Height;15 (x2) cm;Voltage;400V 3N+T;;;active;https://www.youtube.com/watch?v=Du_vDF5oEqI;https://raw.githubusercontent.com/cooknation/pizzagroup/refs/heads/main/pizzagroup_image_PYM12L.jpg;https://raw.githubusercontent.com/cooknation/pizzagroup/refs/heads/main/pizzagroup_image_2_PYM12L.jpg;https://raw.githubusercontent.com/cooknation/pizzagroup/refs/heads/main/pizzagroup_image_3_PYM12L.jpg;https://raw.githubusercontent.com/cooknation/pizzagroup/refs/heads/main/pizzagroup_datasheet_PYM12L.pdf;https://raw.githubusercontent.com/cooknation/pizzagroup/refs/heads/main/pizzagroup_manual_PYM12L.pdf;https://raw.githubusercontent.com/cooknation/pizzagroup/refs/heads/main/pizzagroup_technicalmanual_PYM12L.pdf;https://raw.githubusercontent.com/cooknation/pizzagroup/refs/heads/main/pizzagroup_drawing_PYM12L.pdf;https://raw.githubusercontent.com/cooknation/pizzagroup/refs/heads/main/pizzagroup_catalogue_PYM12L.pdf;https://raw.githubusercontent.com/cooknation/pizzagroup/refs/heads/main/pizzagroup_photo_PYM12L.jpg;https://raw.githubusercontent.com/cooknation/pizzagroup/refs/heads/main/pizzagroup_card_PYM12L.pdf;https://raw.githubusercontent.com/cooknation/pizzagroup/refs/heads/main/pizzagroup_brandcatalogue.pdf;https://raw.githubusercontent.com/cooknation/pizzagroup/refs/heads/main/pizzagroup_price.pdf
CKNPGRPYM18;PYM18;PIZZAGROUP;PYRALIS Standard PY M18;PYRALIS Standard - 9 x Ø 30/34 (x2) - 105x105cm - Power: 26.64kW;A Made-in-Italy style, quality and guarantee. The Pyralis ovens fully satisfy the needs of pizza professionals by providing the utmost in: performance, sturdiness, quality, technology and design. Pizza Group has renewed its line of Pyralis ovens by focusing extensively on product aesthetics, making them the perfect solution for front of house installations. The entire Pyralis line is equipped with the high-performance Activestone technology, and may be ordered with full refractory chamber for an even higher thermal efficiency. Professional pizza oven PYRALIS Standard model PY M18. Chamber capacity: 9 x Ø 30/34 (x2). Baking surface: 105x105cm. Chamber height: 15 (x2)cm. Power: 26.64kW (Up: 8.1kW, Down: 5.22kW). Electrical: 400V 3N+T 50/60Hz. Dimensions: 148x138x72cm. Weight: 290kg.;148;cm;138;cm;72;cm;290;kg;7218;;EUR;;;Cooking>Oven>Pizza;Pizzagroup, Pizzeria, Pizza, Oven;;;;simple;;Chamber Capacity;9 x Ø 30/34 (x2);Power Total;26.64 kW;Baking Surface;105x105 cm;Chamber Height;15 (x2) cm;Voltage;400V 3N+T;;;active;https://www.youtube.com/watch?v=Du_vDF5oEqI;https://raw.githubusercontent.com/cooknation/pizzagroup/refs/heads/main/pizzagroup_image_PYM18.jpg;https://raw.githubusercontent.com/cooknation/pizzagroup/refs/heads/main/pizzagroup_image_2_PYM18.jpg;https://raw.githubusercontent.com/cooknation/pizzagroup/refs/heads/main/pizzagroup_image_3_PYM18.jpg;https://raw.githubusercontent.com/cooknation/pizzagroup/refs/heads/main/pizzagroup_datasheet_PYM18.pdf;https://raw.githubusercontent.com/cooknation/pizzagroup/refs/heads/main/pizzagroup_manual_PYM18.pdf;https://raw.githubusercontent.com/cooknation/pizzagroup/refs/heads/main/pizzagroup_technicalmanual_PYM18.pdf;https://raw.githubusercontent.com/cooknation/pizzagroup/refs/heads/main/pizzagroup_drawing_PYM18.pdf;https://raw.githubusercontent.com/cooknation/pizzagroup/refs/heads/main/pizzagroup_catalogue_PYM18.pdf;https://raw.githubusercontent.com/cooknation/pizzagroup/refs/heads/main/pizzagroup_photo_PYM18.jpg;https://raw.githubusercontent.com/cooknation/pizzagroup/refs/heads/main/pizzagroup_card_PYM18.pdf;https://raw.githubusercontent.com/cooknation/pizzagroup/refs/heads/main/pizzagroup_brandcatalogue.pdf;https://raw.githubusercontent.com/cooknation/pizzagroup/refs/heads/main/pizzagroup_price.pdf
CKNPGRPYM4;PYM4;PIZZAGROUP;PYRALIS Standard PY M4;PYRALIS Standard - 4 x Ø 30/34 - 70x70cm - Power: 6.6kW;A Made-in-Italy style, quality and guarantee. The Pyralis ovens fully satisfy the needs of pizza professionals by providing the utmost in: performance, sturdiness, quality, technology and design. Pizza Group has renewed its line of Pyralis ovens by focusing extensively on product aesthetics, making them the perfect solution for front of house installations. The entire Pyralis line is equipped with the high-performance Activestone technology, and may be ordered with full refractory chamber for an even higher thermal efficiency. Professional pizza oven PYRALIS Standard model PY M4. Chamber capacity: 4 x Ø 30/34. Baking surface: 70x70cm. Chamber height: 15cm. Power: 6.6kW (Up: 4.2kW, Down: 2.4kW). Electrical: 400V 3N+T 50/60Hz. Dimensions: 113x103x40cm. Weight: 115kg.;113;cm;103;cm;40;cm;115;kg;2750;;EUR;;;Cooking>Oven>Pizza;Pizzagroup, Pizzeria, Pizza, Oven;;;;simple;;Chamber Capacity;4 x Ø 30/34;Power Total;6.6 kW;Baking Surface;70x70 cm;Chamber Height;15 cm;Voltage;400V 3N+T;;;active;https://www.youtube.com/watch?v=Du_vDF5oEqI;https://raw.githubusercontent.com/cooknation/pizzagroup/refs/heads/main/pizzagroup_image_PYM4.jpg;https://raw.githubusercontent.com/cooknation/pizzagroup/refs/heads/main/pizzagroup_image_2_PYM4.jpg;https://raw.githubusercontent.com/cooknation/pizzagroup/refs/heads/main/pizzagroup_image_3_PYM4.jpg;https://raw.githubusercontent.com/cooknation/pizzagroup/refs/heads/main/pizzagroup_datasheet_PYM4.pdf;https://raw.githubusercontent.com/cooknation/pizzagroup/refs/heads/main/pizzagroup_manual_PYM4.pdf;https://raw.githubusercontent.com/cooknation/pizzagroup/refs/heads/main/pizzagroup_technicalmanual_PYM4.pdf;https://raw.githubusercontent.com/cooknation/pizzagroup/refs/heads/main/pizzagroup_drawing_PYM4.pdf;https://raw.githubusercontent.com/cooknation/pizzagroup/refs/heads/main/pizzagroup_catalogue_PYM4.pdf;https://raw.githubusercontent.com/cooknation/pizzagroup/refs/heads/main/pizzagroup_photo_PYM4.jpg;https://raw.githubusercontent.com/cooknation/pizzagroup/refs/heads/main/pizzagroup_card_PYM4.pdf;https://raw.githubusercontent.com/cooknation/pizzagroup/refs/heads/main/pizzagroup_brandcatalogue.pdf;https://raw.githubusercontent.com/cooknation/pizzagroup/refs/heads/main/pizzagroup_price.pdf
CKNPGRPYM6;PYM6;PIZZAGROUP;PYRALIS Standard PY M6;PYRALIS Standard - 6 x Ø 30/34 - 70x105cm - Power: 8.88kW;A Made-in-Italy style, quality and guarantee. The Pyralis ovens fully satisfy the needs of pizza professionals by providing the utmost in: performance, sturdiness, quality, technology and design. Pizza Group has renewed its line of Pyralis ovens by focusing extensively on product aesthetics, making them the perfect solution for front of house installations. The entire Pyralis line is equipped with the high-performance Activestone technology, and may be ordered with full refractory chamber for an even higher thermal efficiency. Professional pizza oven PYRALIS Standard model PY M6. Chamber capacity: 6 x Ø 30/34. Baking surface: 70x105cm. Chamber height: 15cm. Power: 8.88kW (Up: 5.4kW, Down: 3.48kW). Electrical: 400V 3N+T 50/60Hz. Dimensions: 113x138x40cm. Weight: 129kg.;113;cm;138;cm;40;cm;129;kg;3291;;EUR;;;Cooking>Oven>Pizza;Pizzagroup, Pizzeria, Pizza, Oven;;;;simple;;Chamber Capacity;6 x Ø 30/34;Power Total;8.88 kW;Baking Surface;70x105 cm;Chamber Height;15 cm;Voltage;400V 3N+T;;;active;https://www.youtube.com/watch?v=Du_vDF5oEqI;https://raw.githubusercontent.com/cooknation/pizzagroup/refs/heads/main/pizzagroup_image_PYM6.jpg;https://raw.githubusercontent.com/cooknation/pizzagroup/refs/heads/main/pizzagroup_image_2_PYM6.jpg;https://raw.githubusercontent.com/cooknation/pizzagroup/refs/heads/main/pizzagroup_image_3_PYM6.jpg;https://raw.githubusercontent.com/cooknation/pizzagroup/refs/heads/main/pizzagroup_datasheet_PYM6.pdf;https://raw.githubusercontent.com/cooknation/pizzagroup/refs/heads/main/pizzagroup_manual_PYM6.pdf;https://raw.githubusercontent.com/cooknation/pizzagroup/refs/heads/main/pizzagroup_technicalmanual_PYM6.pdf;https://raw.githubusercontent.com/cooknation/pizzagroup/refs/heads/main/pizzagroup_drawing_PYM6.pdf;https://raw.githubusercontent.com/cooknation/pizzagroup/refs/heads/main/pizzagroup_catalogue_PYM6.pdf;https://raw.githubusercontent.com/cooknation/pizzagroup/refs/heads/main/pizzagroup_photo_PYM6.jpg;https://raw.githubusercontent.com/cooknation/pizzagroup/refs/heads/main/pizzagroup_card_PYM6.pdf;https://raw.githubusercontent.com/cooknation/pizzagroup/refs/heads/main/pizzagroup_brandcatalogue.pdf;https://raw.githubusercontent.com/cooknation/pizzagroup/refs/heads/main/pizzagroup_price.pdf
CKNPGRPYM6L;PYM6L;PIZZAGROUP;PYRALIS Standard PY M6L;PYRALIS Standard - 6 x Ø 30/34 - 105x70cm - Power: 9kW;A Made-in-Italy style, quality and guarantee. The Pyralis ovens fully satisfy the needs of pizza professionals by providing the utmost in: performance, sturdiness, quality, technology and design. Pizza Group has renewed its line of Pyralis ovens by focusing extensively on product aesthetics, making them the perfect solution for front of house installations. The entire Pyralis line is equipped with the high-performance Activestone technology, and may be ordered with full refractory chamber for an even higher thermal efficiency. Professional pizza oven PYRALIS Standard model PY M6L. Chamber capacity: 6 x Ø 30/34. Baking surface: 105x70cm. Chamber height: 15cm. Power: 9kW (Up: 5.4kW, Down: 3.6kW). Electrical: 400V 3N+T 50/60Hz. Dimensions: 148x103x40cm. Weight: 139kg.;148;cm;103;cm;40;cm;139;kg;3595;;EUR;;;Cooking>Oven>Pizza;Pizzagroup, Pizzeria, Pizza, Oven;;;;simple;;Chamber Capacity;6 x Ø 30/34;Power Total;9 kW;Baking Surface;105x70 cm;Chamber Height;15 cm;Voltage;400V 3N+T;;;active;https://www.youtube.com/watch?v=Du_vDF5oEqI;https://raw.githubusercontent.com/cooknation/pizzagroup/refs/heads/main/pizzagroup_image_PYM6L.jpg;https://raw.githubusercontent.com/cooknation/pizzagroup/refs/heads/main/pizzagroup_image_2_PYM6L.jpg;https://raw.githubusercontent.com/cooknation/pizzagroup/refs/heads/main/pizzagroup_image_3_PYM6L.jpg;https://raw.githubusercontent.com/cooknation/pizzagroup/refs/heads/main/pizzagroup_datasheet_PYM6L.pdf;https://raw.githubusercontent.com/cooknation/pizzagroup/refs/heads/main/pizzagroup_manual_PYM6L.pdf;https://raw.githubusercontent.com/cooknation/pizzagroup/refs/heads/main/pizzagroup_technicalmanual_PYM6L.pdf;https://raw.githubusercontent.com/cooknation/pizzagroup/refs/heads/main/pizzagroup_drawing_PYM6L.pdf;https://raw.githubusercontent.com/cooknation/pizzagroup/refs/heads/main/pizzagroup_catalogue_PYM6L.pdf;https://raw.githubusercontent.com/cooknation/pizzagroup/refs/heads/main/pizzagroup_photo_PYM6L.jpg;https://raw.githubusercontent.com/cooknation/pizzagroup/refs/heads/main/pizzagroup_card_PYM6L.pdf;https://raw.githubusercontent.com/cooknation/pizzagroup/refs/heads/main/pizzagroup_brandcatalogue.pdf;https://raw.githubusercontent.com/cooknation/pizzagroup/refs/heads/main/pizzagroup_price.pdf
CKNPGRPYM8;PYM8;PIZZAGROUP;PYRALIS Standard PY M8;PYRALIS Standard - 4 x Ø 30/34 (x2) - 70x70cm - Power: 13.2kW;A Made-in-Italy style, quality and guarantee. The Pyralis ovens fully satisfy the needs of pizza professionals by providing the utmost in: performance, sturdiness, quality, technology and design. Pizza Group has renewed its line of Pyralis ovens by focusing extensively on product aesthetics, making them the perfect solution for front of house installations. The entire Pyralis line is equipped with the high-performance Activestone technology, and may be ordered with full refractory chamber for an even higher thermal efficiency. Professional pizza oven PYRALIS Standard model PY M8. Chamber capacity: 4 x Ø 30/34 (x2). Baking surface: 70x70cm. Chamber height: 15 (x2)cm. Power: 13.2kW (Up: 4.2kW, Down: 2.4kW). Electrical: 400V 3N+T 50/60Hz. Dimensions: 113x103x72cm. Weight: 183kg.;113;cm;103;cm;72;cm;183;kg;4679;;EUR;;;Cooking>Oven>Pizza;Pizzagroup, Pizzeria, Pizza, Oven;;;;simple;;Chamber Capacity;4 x Ø 30/34 (x2);Power Total;13.2 kW;Baking Surface;70x70 cm;Chamber Height;15 (x2) cm;Voltage;400V 3N+T;;;active;https://www.youtube.com/watch?v=Du_vDF5oEqI;https://raw.githubusercontent.com/cooknation/pizzagroup/refs/heads/main/pizzagroup_image_PYM8.jpg;https://raw.githubusercontent.com/cooknation/pizzagroup/refs/heads/main/pizzagroup_image_2_PYM8.jpg;https://raw.githubusercontent.com/cooknation/pizzagroup/refs/heads/main/pizzagroup_image_3_PYM8.jpg;https://raw.githubusercontent.com/cooknation/pizzagroup/refs/heads/main/pizzagroup_datasheet_PYM8.pdf;https://raw.githubusercontent.com/cooknation/pizzagroup/refs/heads/main/pizzagroup_manual_PYM8.pdf;https://raw.githubusercontent.com/cooknation/pizzagroup/refs/heads/main/pizzagroup_technicalmanual_PYM8.pdf;https://raw.githubusercontent.com/cooknation/pizzagroup/refs/heads/main/pizzagroup_drawing_PYM8.pdf;https://raw.githubusercontent.com/cooknation/pizzagroup/refs/heads/main/pizzagroup_catalogue_PYM8.pdf;https://raw.githubusercontent.com/cooknation/pizzagroup/refs/heads/main/pizzagroup_photo_PYM8.jpg;https://raw.githubusercontent.com/cooknation/pizzagroup/refs/heads/main/pizzagroup_card_PYM8.pdf;https://raw.githubusercontent.com/cooknation/pizzagroup/refs/heads/main/pizzagroup_brandcatalogue.pdf;https://raw.githubusercontent.com/cooknation/pizzagroup/refs/heads/main/pizzagroup_price.pdf
CKNPGRPYM9;PYM9;PIZZAGROUP;PYRALIS Standard PY M9;PYRALIS Standard - 9 x Ø 30/34 - 105x105cm - Power: 13.32kW;A Made-in-Italy style, quality and guarantee. The Pyralis ovens fully satisfy the needs of pizza professionals by providing the utmost in: performance, sturdiness, quality, technology and design. Pizza Group has renewed its line of Pyralis ovens by focusing extensively on product aesthetics, making them the perfect solution for front of house installations. The entire Pyralis line is equipped with the high-performance Activestone technology, and may be ordered with full refractory chamber for an even higher thermal efficiency. Professional pizza oven PYRALIS Standard model PY M9. Chamber capacity: 9 x Ø 30/34. Baking surface: 105x105cm. Chamber height: 15cm. Power: 13.32kW (Up: 8.1kW, Down: 5.22kW). Electrical: 400V 3N+T 50/60Hz. Dimensions: 148x138x40cm. Weight: 159kg.;148;cm;138;cm;40;cm;159;kg;4226;;EUR;;;Cooking>Oven>Pizza;Pizzagroup, Pizzeria, Pizza, Oven;;;;simple;;Chamber Capacity;9 x Ø 30/34;Power Total;13.32 kW;Baking Surface;105x105 cm;Chamber Height;15 cm;Voltage;400V 3N+T;;;active;https://www.youtube.com/watch?v=Du_vDF5oEqI;https://raw.githubusercontent.com/cooknation/pizzagroup/refs/heads/main/pizzagroup_image_PYM9.jpg;https://raw.githubusercontent.com/cooknation/pizzagroup/refs/heads/main/pizzagroup_image_2_PYM9.jpg;https://raw.githubusercontent.com/cooknation/pizzagroup/refs/heads/main/pizzagroup_image_3_PYM9.jpg;https://raw.githubusercontent.com/cooknation/pizzagroup/refs/heads/main/pizzagroup_datasheet_PYM9.pdf;https://raw.githubusercontent.com/cooknation/pizzagroup/refs/heads/main/pizzagroup_manual_PYM9.pdf;https://raw.githubusercontent.com/cooknation/pizzagroup/refs/heads/main/pizzagroup_technicalmanual_PYM9.pdf;https://raw.githubusercontent.com/cooknation/pizzagroup/refs/heads/main/pizzagroup_drawing_PYM9.pdf;https://raw.githubusercontent.com/cooknation/pizzagroup/refs/heads/main/pizzagroup_catalogue_PYM9.pdf;https://raw.githubusercontent.com/cooknation/pizzagroup/refs/heads/main/pizzagroup_photo_PYM9.jpg;https://raw.githubusercontent.com/cooknation/pizzagroup/refs/heads/main/pizzagroup_card_PYM9.pdf;https://raw.githubusercontent.com/cooknation/pizzagroup/refs/heads/main/pizzagroup_brandcatalogue.pdf;https://raw.githubusercontent.com/cooknation/pizzagroup/refs/heads/main/pizzagroup_price.pdf
CKNPGRPYUPD12;PYUPD12;PIZZAGROUP;PYRALIS UP PY-UP D12;PYRALIS UP - 6 x Ø 30/34 (x2) - 70x105cm - Power: 17.76kW;A Made-in-Italy style, quality and guarantee. The Pyralis ovens fully satisfy the needs of pizza professionals by providing the utmost in: performance, sturdiness, quality, technology and design. Pizza Group has renewed its line of Pyralis ovens by focusing extensively on product aesthetics, making them the perfect solution for front of house installations. The entire Pyralis line is equipped with the high-performance Activestone technology, and may be ordered with full refractory chamber for an even higher thermal efficiency. Professional pizza oven PYRALIS UP model PY-UP D12. Chamber capacity: 6 x Ø 30/34 (x2). Baking surface: 70x105cm. Chamber height: 15 (x2)cm. Power: 17.76kW (Up: 5.4kW, Down: 3.48kW). Electrical: 400V 3N+T 50/60Hz. Dimensions: 113x138x72cm. Weight: 217kg.;113;cm;138;cm;72;cm;217;kg;7504;;EUR;;;Cooking>Oven>Pizza;Pizzagroup, Pizzeria, Pizza, Oven;;;;simple;;Chamber Capacity;6 x Ø 30/34 (x2);Power Total;17.76 kW;Baking Surface;70x105 cm;Chamber Height;15 (x2) cm;Voltage;400V 3N+T;;;active;https://www.youtube.com/watch?v=Du_vDF5oEqI;https://raw.githubusercontent.com/cooknation/pizzagroup/refs/heads/main/pizzagroup_image_PYUPD12.jpg;https://raw.githubusercontent.com/cooknation/pizzagroup/refs/heads/main/pizzagroup_image_2_PYUPD12.jpg;https://raw.githubusercontent.com/cooknation/pizzagroup/refs/heads/main/pizzagroup_image_3_PYUPD12.jpg;https://raw.githubusercontent.com/cooknation/pizzagroup/refs/heads/main/pizzagroup_datasheet_PYUPD12.pdf;https://raw.githubusercontent.com/cooknation/pizzagroup/refs/heads/main/pizzagroup_manual_PYUPD12.pdf;https://raw.githubusercontent.com/cooknation/pizzagroup/refs/heads/main/pizzagroup_technicalmanual_PYUPD12.pdf;https://raw.githubusercontent.com/cooknation/pizzagroup/refs/heads/main/pizzagroup_drawing_PYUPD12.pdf;https://raw.githubusercontent.com/cooknation/pizzagroup/refs/heads/main/pizzagroup_catalogue_PYUPD12.pdf;https://raw.githubusercontent.com/cooknation/pizzagroup/refs/heads/main/pizzagroup_photo_PYUPD12.jpg;https://raw.githubusercontent.com/cooknation/pizzagroup/refs/heads/main/pizzagroup_card_PYUPD12.pdf;https://raw.githubusercontent.com/cooknation/pizzagroup/refs/heads/main/pizzagroup_brandcatalogue.pdf;https://raw.githubusercontent.com/cooknation/pizzagroup/refs/heads/main/pizzagroup_price.pdf
CKNPGRPYUPD12L;PYUPD12L;PIZZAGROUP;PYRALIS UP PY-UP D12L;PYRALIS UP - 6 x Ø 30/34 (x2) - 105x70cm - Power: 18kW;A Made-in-Italy style, quality and guarantee. The Pyralis ovens fully satisfy the needs of pizza professionals by providing the utmost in: performance, sturdiness, quality, technology and design. Pizza Group has renewed its line of Pyralis ovens by focusing extensively on product aesthetics, making them the perfect solution for front of house installations. The entire Pyralis line is equipped with the high-performance Activestone technology, and may be ordered with full refractory chamber for an even higher thermal efficiency. Professional pizza oven PYRALIS UP model PY-UP D12L. Chamber capacity: 6 x Ø 30/34 (x2). Baking surface: 105x70cm. Chamber height: 15 (x2)cm. Power: 18kW (Up: 5.4kW, Down: 3.6kW). Electrical: 400V 3N+T 50/60Hz. Dimensions: 148x103x72cm. Weight: 231kg.;148;cm;103;cm;72;cm;231;kg;8202;;EUR;;;Cooking>Oven>Pizza;Pizzagroup, Pizzeria, Pizza, Oven;;;;simple;;Chamber Capacity;6 x Ø 30/34 (x2);Power Total;18 kW;Baking Surface;105x70 cm;Chamber Height;15 (x2) cm;Voltage;400V 3N+T;;;active;https://www.youtube.com/watch?v=Du_vDF5oEqI;https://raw.githubusercontent.com/cooknation/pizzagroup/refs/heads/main/pizzagroup_image_PYUPD12L.jpg;https://raw.githubusercontent.com/cooknation/pizzagroup/refs/heads/main/pizzagroup_image_2_PYUPD12L.jpg;https://raw.githubusercontent.com/cooknation/pizzagroup/refs/heads/main/pizzagroup_image_3_PYUPD12L.jpg;https://raw.githubusercontent.com/cooknation/pizzagroup/refs/heads/main/pizzagroup_datasheet_PYUPD12L.pdf;https://raw.githubusercontent.com/cooknation/pizzagroup/refs/heads/main/pizzagroup_manual_PYUPD12L.pdf;https://raw.githubusercontent.com/cooknation/pizzagroup/refs/heads/main/pizzagroup_technicalmanual_PYUPD12L.pdf;https://raw.githubusercontent.com/cooknation/pizzagroup/refs/heads/main/pizzagroup_drawing_PYUPD12L.pdf;https://raw.githubusercontent.com/cooknation/pizzagroup/refs/heads/main/pizzagroup_catalogue_PYUPD12L.pdf;https://raw.githubusercontent.com/cooknation/pizzagroup/refs/heads/main/pizzagroup_photo_PYUPD12L.jpg;https://raw.githubusercontent.com/cooknation/pizzagroup/refs/heads/main/pizzagroup_card_PYUPD12L.pdf;https://raw.githubusercontent.com/cooknation/pizzagroup/refs/heads/main/pizzagroup_brandcatalogue.pdf;https://raw.githubusercontent.com/cooknation/pizzagroup/refs/heads/main/pizzagroup_price.pdf
CKNPGRPYUPD18;PYUPD18;PIZZAGROUP;PYRALIS UP PY-UP D18;PYRALIS UP - 9 x Ø 30/34 (x2) - 105x105cm - Power: 26.64kW;A Made-in-Italy style, quality and guarantee. The Pyralis ovens fully satisfy the needs of pizza professionals by providing the utmost in: performance, sturdiness, quality, technology and design. Pizza Group has renewed its line of Pyralis ovens by focusing extensively on product aesthetics, making them the perfect solution for front of house installations. The entire Pyralis line is equipped with the high-performance Activestone technology, and may be ordered with full refractory chamber for an even higher thermal efficiency. Professional pizza oven PYRALIS UP model PY-UP D18. Chamber capacity: 9 x Ø 30/34 (x2). Baking surface: 105x105cm. Chamber height: 15 (x2)cm. Power: 26.64kW (Up: 8.1kW, Down: 5.22kW). Electrical: 400V 3N+T 50/60Hz. Dimensions: 148x138x72cm. Weight: 290kg.;148;cm;138;cm;72;cm;290;kg;9473;;EUR;;;Cooking>Oven>Pizza;Pizzagroup, Pizzeria, Pizza, Oven;;;;simple;;Chamber Capacity;9 x Ø 30/34 (x2);Power Total;26.64 kW;Baking Surface;105x105 cm;Chamber Height;15 (x2) cm;Voltage;400V 3N+T;;;active;https://www.youtube.com/watch?v=Du_vDF5oEqI;https://raw.githubusercontent.com/cooknation/pizzagroup/refs/heads/main/pizzagroup_image_PYUPD18.jpg;https://raw.githubusercontent.com/cooknation/pizzagroup/refs/heads/main/pizzagroup_image_2_PYUPD18.jpg;https://raw.githubusercontent.com/cooknation/pizzagroup/refs/heads/main/pizzagroup_image_3_PYUPD18.jpg;https://raw.githubusercontent.com/cooknation/pizzagroup/refs/heads/main/pizzagroup_datasheet_PYUPD18.pdf;https://raw.githubusercontent.com/cooknation/pizzagroup/refs/heads/main/pizzagroup_manual_PYUPD18.pdf;https://raw.githubusercontent.com/cooknation/pizzagroup/refs/heads/main/pizzagroup_technicalmanual_PYUPD18.pdf;https://raw.githubusercontent.com/cooknation/pizzagroup/refs/heads/main/pizzagroup_drawing_PYUPD18.pdf;https://raw.githubusercontent.com/cooknation/pizzagroup/refs/heads/main/pizzagroup_catalogue_PYUPD18.pdf;https://raw.githubusercontent.com/cooknation/pizzagroup/refs/heads/main/pizzagroup_photo_PYUPD18.jpg;https://raw.githubusercontent.com/cooknation/pizzagroup/refs/heads/main/pizzagroup_card_PYUPD18.pdf;https://raw.githubusercontent.com/cooknation/pizzagroup/refs/heads/main/pizzagroup_brandcatalogue.pdf;https://raw.githubusercontent.com/cooknation/pizzagroup/refs/heads/main/pizzagroup_price.pdf
CKNPGRPYUPD4;PYUPD4;PIZZAGROUP;PYRALIS UP PY-UP D4;PYRALIS UP - 4 x Ø 30/34 - 70x70cm - Power: 6.6kW;A Made-in-Italy style, quality and guarantee. The Pyralis ovens fully satisfy the needs of pizza professionals by providing the utmost in: performance, sturdiness, quality, technology and design. Pizza Group has renewed its line of Pyralis ovens by focusing extensively on product aesthetics, making them the perfect solution for front of house installations. The entire Pyralis line is equipped with the high-performance Activestone technology, and may be ordered with full refractory chamber for an even higher thermal efficiency. Professional pizza oven PYRALIS UP model PY-UP D4. Chamber capacity: 4 x Ø 30/34. Baking surface: 70x70cm. Chamber height: 15cm. Power: 6.6kW (Up: 4.2kW, Down: 2.4kW). Electrical: 400V 3N+T 50/60Hz. Dimensions: 113x103x40cm. Weight: 115kg.;113;cm;103;cm;40;cm;115;kg;3621;;EUR;;;Cooking>Oven>Pizza;Pizzagroup, Pizzeria, Pizza, Oven;;;;simple;;Chamber Capacity;4 x Ø 30/34;Power Total;6.6 kW;Baking Surface;70x70 cm;Chamber Height;15 cm;Voltage;400V 3N+T;;;active;https://www.youtube.com/watch?v=Du_vDF5oEqI;https://raw.githubusercontent.com/cooknation/pizzagroup/refs/heads/main/pizzagroup_image_PYUPD4.jpg;https://raw.githubusercontent.com/cooknation/pizzagroup/refs/heads/main/pizzagroup_image_2_PYUPD4.jpg;https://raw.githubusercontent.com/cooknation/pizzagroup/refs/heads/main/pizzagroup_image_3_PYUPD4.jpg;https://raw.githubusercontent.com/cooknation/pizzagroup/refs/heads/main/pizzagroup_datasheet_PYUPD4.pdf;https://raw.githubusercontent.com/cooknation/pizzagroup/refs/heads/main/pizzagroup_manual_PYUPD4.pdf;https://raw.githubusercontent.com/cooknation/pizzagroup/refs/heads/main/pizzagroup_technicalmanual_PYUPD4.pdf;https://raw.githubusercontent.com/cooknation/pizzagroup/refs/heads/main/pizzagroup_drawing_PYUPD4.pdf;https://raw.githubusercontent.com/cooknation/pizzagroup/refs/heads/main/pizzagroup_catalogue_PYUPD4.pdf;https://raw.githubusercontent.com/cooknation/pizzagroup/refs/heads/main/pizzagroup_photo_PYUPD4.jpg;https://raw.githubusercontent.com/cooknation/pizzagroup/refs/heads/main/pizzagroup_card_PYUPD4.pdf;https://raw.githubusercontent.com/cooknation/pizzagroup/refs/heads/main/pizzagroup_brandcatalogue.pdf;https://raw.githubusercontent.com/cooknation/pizzagroup/refs/heads/main/pizzagroup_price.pdf
CKNPGRPYUPD6;PYUPD6;PIZZAGROUP;PYRALIS UP PY-UP D6;PYRALIS UP - 6 x Ø 30/34 - 70x105cm - Power: 8.88kW;A Made-in-Italy style, quality and guarantee. The Pyralis ovens fully satisfy the needs of pizza professionals by providing the utmost in: performance, sturdiness, quality, technology and design. Pizza Group has renewed its line of Pyralis ovens by focusing extensively on product aesthetics, making them the perfect solution for front of house installations. The entire Pyralis line is equipped with the high-performance Activestone technology, and may be ordered with full refractory chamber for an even higher thermal efficiency. Professional pizza oven PYRALIS UP model PY-UP D6. Chamber capacity: 6 x Ø 30/34. Baking surface: 70x105cm. Chamber height: 15cm. Power: 8.88kW (Up: 5.4kW, Down: 3.48kW). Electrical: 400V 3N+T 50/60Hz. Dimensions: 113x138x40cm. Weight: 129kg.;113;cm;138;cm;40;cm;129;kg;4297;;EUR;;;Cooking>Oven>Pizza;Pizzagroup, Pizzeria, Pizza, Oven;;;;simple;;Chamber Capacity;6 x Ø 30/34;Power Total;8.88 kW;Baking Surface;70x105 cm;Chamber Height;15 cm;Voltage;400V 3N+T;;;active;https://www.youtube.com/watch?v=Du_vDF5oEqI;https://raw.githubusercontent.com/cooknation/pizzagroup/refs/heads/main/pizzagroup_image_PYUPD6.jpg;https://raw.githubusercontent.com/cooknation/pizzagroup/refs/heads/main/pizzagroup_image_2_PYUPD6.jpg;https://raw.githubusercontent.com/cooknation/pizzagroup/refs/heads/main/pizzagroup_image_3_PYUPD6.jpg;https://raw.githubusercontent.com/cooknation/pizzagroup/refs/heads/main/pizzagroup_datasheet_PYUPD6.pdf;https://raw.githubusercontent.com/cooknation/pizzagroup/refs/heads/main/pizzagroup_manual_PYUPD6.pdf;https://raw.githubusercontent.com/cooknation/pizzagroup/refs/heads/main/pizzagroup_technicalmanual_PYUPD6.pdf;https://raw.githubusercontent.com/cooknation/pizzagroup/refs/heads/main/pizzagroup_drawing_PYUPD6.pdf;https://raw.githubusercontent.com/cooknation/pizzagroup/refs/heads/main/pizzagroup_catalogue_PYUPD6.pdf;https://raw.githubusercontent.com/cooknation/pizzagroup/refs/heads/main/pizzagroup_photo_PYUPD6.jpg;https://raw.githubusercontent.com/cooknation/pizzagroup/refs/heads/main/pizzagroup_card_PYUPD6.pdf;https://raw.githubusercontent.com/cooknation/pizzagroup/refs/heads/main/pizzagroup_brandcatalogue.pdf;https://raw.githubusercontent.com/cooknation/pizzagroup/refs/heads/main/pizzagroup_price.pdf
CKNPGRPYUPD6L;PYUPD6L;PIZZAGROUP;PYRALIS UP PY-UP D6L;PYRALIS UP - 6 x Ø 30/34 - 105x70cm - Power: 9kW;A Made-in-Italy style, quality and guarantee. The Pyralis ovens fully satisfy the needs of pizza professionals by providing the utmost in: performance, sturdiness, quality, technology and design. Pizza Group has renewed its line of Pyralis ovens by focusing extensively on product aesthetics, making them the perfect solution for front of house installations. The entire Pyralis line is equipped with the high-performance Activestone technology, and may be ordered with full refractory chamber for an even higher thermal efficiency. Professional pizza oven PYRALIS UP model PY-UP D6L. Chamber capacity: 6 x Ø 30/34. Baking surface: 105x70cm. Chamber height: 15cm. Power: 9kW (Up: 5.4kW, Down: 3.6kW). Electrical: 400V 3N+T 50/60Hz. Dimensions: 148x103x40cm. Weight: 139kg.;148;cm;103;cm;40;cm;139;kg;4596;;EUR;;;Cooking>Oven>Pizza;Pizzagroup, Pizzeria, Pizza, Oven;;;;simple;;Chamber Capacity;6 x Ø 30/34;Power Total;9 kW;Baking Surface;105x70 cm;Chamber Height;15 cm;Voltage;400V 3N+T;;;active;https://www.youtube.com/watch?v=Du_vDF5oEqI;https://raw.githubusercontent.com/cooknation/pizzagroup/refs/heads/main/pizzagroup_image_PYUPD6L.jpg;https://raw.githubusercontent.com/cooknation/pizzagroup/refs/heads/main/pizzagroup_image_2_PYUPD6L.jpg;https://raw.githubusercontent.com/cooknation/pizzagroup/refs/heads/main/pizzagroup_image_3_PYUPD6L.jpg;https://raw.githubusercontent.com/cooknation/pizzagroup/refs/heads/main/pizzagroup_datasheet_PYUPD6L.pdf;https://raw.githubusercontent.com/cooknation/pizzagroup/refs/heads/main/pizzagroup_manual_PYUPD6L.pdf;https://raw.githubusercontent.com/cooknation/pizzagroup/refs/heads/main/pizzagroup_technicalmanual_PYUPD6L.pdf;https://raw.githubusercontent.com/cooknation/pizzagroup/refs/heads/main/pizzagroup_drawing_PYUPD6L.pdf;https://raw.githubusercontent.com/cooknation/pizzagroup/refs/heads/main/pizzagroup_catalogue_PYUPD6L.pdf;https://raw.githubusercontent.com/cooknation/pizzagroup/refs/heads/main/pizzagroup_photo_PYUPD6L.jpg;https://raw.githubusercontent.com/cooknation/pizzagroup/refs/heads/main/pizzagroup_card_PYUPD6L.pdf;https://raw.githubusercontent.com/cooknation/pizzagroup/refs/heads/main/pizzagroup_brandcatalogue.pdf;https://raw.githubusercontent.com/cooknation/pizzagroup/refs/heads/main/pizzagroup_price.pdf
CKNPGRPYUPD8;PYUPD8;PIZZAGROUP;PYRALIS UP PY-UP D8;PYRALIS UP - 4 x Ø 30/34 (x2) - 70x70cm - Power: 13.2kW;A Made-in-Italy style, quality and guarantee. The Pyralis ovens fully satisfy the needs of pizza professionals by providing the utmost in: performance, sturdiness, quality, technology and design. Pizza Group has renewed its line of Pyralis ovens by focusing extensively on product aesthetics, making them the perfect solution for front of house installations. The entire Pyralis line is equipped with the high-performance Activestone technology, and may be ordered with full refractory chamber for an even higher thermal efficiency. Professional pizza oven PYRALIS UP model PY-UP D8. Chamber capacity: 4 x Ø 30/34 (x2). Baking surface: 70x70cm. Chamber height: 15 (x2)cm. Power: 13.2kW (Up: 4.2kW, Down: 2.4kW). Electrical: 400V 3N+T 50/60Hz. Dimensions: 113x103x72cm. Weight: 183kg.;113;cm;103;cm;72;cm;183;kg;6409;;EUR;;;Cooking>Oven>Pizza;Pizzagroup, Pizzeria, Pizza, Oven;;;;simple;;Chamber Capacity;4 x Ø 30/34 (x2);Power Total;13.2 kW;Baking Surface;70x70 cm;Chamber Height;15 (x2) cm;Voltage;400V 3N+T;;;active;https://www.youtube.com/watch?v=Du_vDF5oEqI;https://raw.githubusercontent.com/cooknation/pizzagroup/refs/heads/main/pizzagroup_image_PYUPD8.jpg;https://raw.githubusercontent.com/cooknation/pizzagroup/refs/heads/main/pizzagroup_image_2_PYUPD8.jpg;https://raw.githubusercontent.com/cooknation/pizzagroup/refs/heads/main/pizzagroup_image_3_PYUPD8.jpg;https://raw.githubusercontent.com/cooknation/pizzagroup/refs/heads/main/pizzagroup_datasheet_PYUPD8.pdf;https://raw.githubusercontent.com/cooknation/pizzagroup/refs/heads/main/pizzagroup_manual_PYUPD8.pdf;https://raw.githubusercontent.com/cooknation/pizzagroup/refs/heads/main/pizzagroup_technicalmanual_PYUPD8.pdf;https://raw.githubusercontent.com/cooknation/pizzagroup/refs/heads/main/pizzagroup_drawing_PYUPD8.pdf;https://raw.githubusercontent.com/cooknation/pizzagroup/refs/heads/main/pizzagroup_catalogue_PYUPD8.pdf;https://raw.githubusercontent.com/cooknation/pizzagroup/refs/heads/main/pizzagroup_photo_PYUPD8.jpg;https://raw.githubusercontent.com/cooknation/pizzagroup/refs/heads/main/pizzagroup_card_PYUPD8.pdf;https://raw.githubusercontent.com/cooknation/pizzagroup/refs/heads/main/pizzagroup_brandcatalogue.pdf;https://raw.githubusercontent.com/cooknation/pizzagroup/refs/heads/main/pizzagroup_price.pdf
CKNPGRPYUPD9;PYUPD9;PIZZAGROUP;PYRALIS UP PY-UP D9;PYRALIS UP - 9 x Ø 30/34 - 105x105cm - Power: 13.32kW;A Made-in-Italy style, quality and guarantee. The Pyralis ovens fully satisfy the needs of pizza professionals by providing the utmost in: performance, sturdiness, quality, technology and design. Pizza Group has renewed its line of Pyralis ovens by focusing extensively on product aesthetics, making them the perfect solution for front of house installations. The entire Pyralis line is equipped with the high-performance Activestone technology, and may be ordered with full refractory chamber for an even higher thermal efficiency. Professional pizza oven PYRALIS UP model PY-UP D9. Chamber capacity: 9 x Ø 30/34. Baking surface: 105x105cm. Chamber height: 15cm. Power: 13.32kW (Up: 8.1kW, Down: 5.22kW). Electrical: 400V 3N+T 50/60Hz. Dimensions: 148x138x40cm. Weight: 159kg.;148;cm;138;cm;40;cm;159;kg;5328;;EUR;;;Cooking>Oven>Pizza;Pizzagroup, Pizzeria, Pizza, Oven;;;;simple;;Chamber Capacity;9 x Ø 30/34;Power Total;13.32 kW;Baking Surface;105x105 cm;Chamber Height;15 cm;Voltage;400V 3N+T;;;active;https://www.youtube.com/watch?v=Du_vDF5oEqI;https://raw.githubusercontent.com/cooknation/pizzagroup/refs/heads/main/pizzagroup_image_PYUPD9.jpg;https://raw.githubusercontent.com/cooknation/pizzagroup/refs/heads/main/pizzagroup_image_2_PYUPD9.jpg;https://raw.githubusercontent.com/cooknation/pizzagroup/refs/heads/main/pizzagroup_image_3_PYUPD9.jpg;https://raw.githubusercontent.com/cooknation/pizzagroup/refs/heads/main/pizzagroup_datasheet_PYUPD9.pdf;https://raw.githubusercontent.com/cooknation/pizzagroup/refs/heads/main/pizzagroup_manual_PYUPD9.pdf;https://raw.githubusercontent.com/cooknation/pizzagroup/refs/heads/main/pizzagroup_technicalmanual_PYUPD9.pdf;https://raw.githubusercontent.com/cooknation/pizzagroup/refs/heads/main/pizzagroup_drawing_PYUPD9.pdf;https://raw.githubusercontent.com/cooknation/pizzagroup/refs/heads/main/pizzagroup_catalogue_PYUPD9.pdf;https://raw.githubusercontent.com/cooknation/pizzagroup/refs/heads/main/pizzagroup_photo_PYUPD9.jpg;https://raw.githubusercontent.com/cooknation/pizzagroup/refs/heads/main/pizzagroup_card_PYUPD9.pdf;https://raw.githubusercontent.com/cooknation/pizzagroup/refs/heads/main/pizzagroup_brandcatalogue.pdf;https://raw.githubusercontent.com/cooknation/pizzagroup/refs/heads/main/pizzagroup_price.pdf
CKNPGRPYUPM12;PYUPM12;PIZZAGROUP;PYRALIS UP PY-UP M12;PYRALIS UP - 6 x Ø 30/34 (x2) - 70x105cm - Power: 17.76kW;A Made-in-Italy style, quality and guarantee. The Pyralis ovens fully satisfy the needs of pizza professionals by providing the utmost in: performance, sturdiness, quality, technology and design. Pizza Group has renewed its line of Pyralis ovens by focusing extensively on product aesthetics, making them the perfect solution for front of house installations. The entire Pyralis line is equipped with the high-performance Activestone technology, and may be ordered with full refractory chamber for an even higher thermal efficiency. Professional pizza oven PYRALIS UP model PY-UP M12. Chamber capacity: 6 x Ø 30/34 (x2). Baking surface: 70x105cm. Chamber height: 15 (x2)cm. Power: 17.76kW (Up: 5.4kW, Down: 3.48kW). Electrical: 400V 3N+T 50/60Hz. Dimensions: 113x138x72cm. Weight: 217kg.;113;cm;138;cm;72;cm;217;kg;6600;;EUR;;;Cooking>Oven>Pizza;Pizzagroup, Pizzeria, Pizza, Oven;;;;simple;;Chamber Capacity;6 x Ø 30/34 (x2);Power Total;17.76 kW;Baking Surface;70x105 cm;Chamber Height;15 (x2) cm;Voltage;400V 3N+T;;;active;https://www.youtube.com/watch?v=Du_vDF5oEqI;https://raw.githubusercontent.com/cooknation/pizzagroup/refs/heads/main/pizzagroup_image_PYUPM12.jpg;https://raw.githubusercontent.com/cooknation/pizzagroup/refs/heads/main/pizzagroup_image_2_PYUPM12.jpg;https://raw.githubusercontent.com/cooknation/pizzagroup/refs/heads/main/pizzagroup_image_3_PYUPM12.jpg;https://raw.githubusercontent.com/cooknation/pizzagroup/refs/heads/main/pizzagroup_datasheet_PYUPM12.pdf;https://raw.githubusercontent.com/cooknation/pizzagroup/refs/heads/main/pizzagroup_manual_PYUPM12.pdf;https://raw.githubusercontent.com/cooknation/pizzagroup/refs/heads/main/pizzagroup_technicalmanual_PYUPM12.pdf;https://raw.githubusercontent.com/cooknation/pizzagroup/refs/heads/main/pizzagroup_drawing_PYUPM12.pdf;https://raw.githubusercontent.com/cooknation/pizzagroup/refs/heads/main/pizzagroup_catalogue_PYUPM12.pdf;https://raw.githubusercontent.com/cooknation/pizzagroup/refs/heads/main/pizzagroup_photo_PYUPM12.jpg;https://raw.githubusercontent.com/cooknation/pizzagroup/refs/heads/main/pizzagroup_card_PYUPM12.pdf;https://raw.githubusercontent.com/cooknation/pizzagroup/refs/heads/main/pizzagroup_brandcatalogue.pdf;https://raw.githubusercontent.com/cooknation/pizzagroup/refs/heads/main/pizzagroup_price.pdf
CKNPGRPYUPM12L;PYUPM12L;PIZZAGROUP;PYRALIS UP PY-UP M12L;PYRALIS UP - 6 x Ø 30/34 (x2) - 105x70cm - Power: 18kW;A Made-in-Italy style, quality and guarantee. The Pyralis ovens fully satisfy the needs of pizza professionals by providing the utmost in: performance, sturdiness, quality, technology and design. Pizza Group has renewed its line of Pyralis ovens by focusing extensively on product aesthetics, making them the perfect solution for front of house installations. The entire Pyralis line is equipped with the high-performance Activestone technology, and may be ordered with full refractory chamber for an even higher thermal efficiency. Professional pizza oven PYRALIS UP model PY-UP M12L. Chamber capacity: 6 x Ø 30/34 (x2). Baking surface: 105x70cm. Chamber height: 15 (x2)cm. Power: 18kW (Up: 5.4kW, Down: 3.6kW). Electrical: 400V 3N+T 50/60Hz. Dimensions: 148x103x72cm. Weight: 231kg.;148;cm;103;cm;72;cm;231;kg;7295;;EUR;;;Cooking>Oven>Pizza;Pizzagroup, Pizzeria, Pizza, Oven;;;;simple;;Chamber Capacity;6 x Ø 30/34 (x2);Power Total;18 kW;Baking Surface;105x70 cm;Chamber Height;15 (x2) cm;Voltage;400V 3N+T;;;active;https://www.youtube.com/watch?v=Du_vDF5oEqI;https://raw.githubusercontent.com/cooknation/pizzagroup/refs/heads/main/pizzagroup_image_PYUPM12L.jpg;https://raw.githubusercontent.com/cooknation/pizzagroup/refs/heads/main/pizzagroup_image_2_PYUPM12L.jpg;https://raw.githubusercontent.com/cooknation/pizzagroup/refs/heads/main/pizzagroup_image_3_PYUPM12L.jpg;https://raw.githubusercontent.com/cooknation/pizzagroup/refs/heads/main/pizzagroup_datasheet_PYUPM12L.pdf;https://raw.githubusercontent.com/cooknation/pizzagroup/refs/heads/main/pizzagroup_manual_PYUPM12L.pdf;https://raw.githubusercontent.com/cooknation/pizzagroup/refs/heads/main/pizzagroup_technicalmanual_PYUPM12L.pdf;https://raw.githubusercontent.com/cooknation/pizzagroup/refs/heads/main/pizzagroup_drawing_PYUPM12L.pdf;https://raw.githubusercontent.com/cooknation/pizzagroup/refs/heads/main/pizzagroup_catalogue_PYUPM12L.pdf;https://raw.githubusercontent.com/cooknation/pizzagroup/refs/heads/main/pizzagroup_photo_PYUPM12L.jpg;https://raw.githubusercontent.com/cooknation/pizzagroup/refs/heads/main/pizzagroup_card_PYUPM12L.pdf;https://raw.githubusercontent.com/cooknation/pizzagroup/refs/heads/main/pizzagroup_brandcatalogue.pdf;https://raw.githubusercontent.com/cooknation/pizzagroup/refs/heads/main/pizzagroup_price.pdf
CKNPGRPYUPM18;PYUPM18;PIZZAGROUP;PYRALIS UP PY-UP M18;PYRALIS UP - 9 x Ø 30/34 (x2) - 105x105cm - Power: 26.64kW;A Made-in-Italy style, quality and guarantee. The Pyralis ovens fully satisfy the needs of pizza professionals by providing the utmost in: performance, sturdiness, quality, technology and design. Pizza Group has renewed its line of Pyralis ovens by focusing extensively on product aesthetics, making them the perfect solution for front of house installations. The entire Pyralis line is equipped with the high-performance Activestone technology, and may be ordered with full refractory chamber for an even higher thermal efficiency. Professional pizza oven PYRALIS UP model PY-UP M18. Chamber capacity: 9 x Ø 30/34 (x2). Baking surface: 105x105cm. Chamber height: 15 (x2)cm. Power: 26.64kW (Up: 8.1kW, Down: 5.22kW). Electrical: 400V 3N+T 50/60Hz. Dimensions: 148x138x72cm. Weight: 290kg.;148;cm;138;cm;72;cm;290;kg;8496;;EUR;;;Cooking>Oven>Pizza;Pizzagroup, Pizzeria, Pizza, Oven;;;;simple;;Chamber Capacity;9 x Ø 30/34 (x2);Power Total;26.64 kW;Baking Surface;105x105 cm;Chamber Height;15 (x2) cm;Voltage;400V 3N+T;;;active;https://www.youtube.com/watch?v=Du_vDF5oEqI;https://raw.githubusercontent.com/cooknation/pizzagroup/refs/heads/main/pizzagroup_image_PYUPM18.jpg;https://raw.githubusercontent.com/cooknation/pizzagroup/refs/heads/main/pizzagroup_image_2_PYUPM18.jpg;https://raw.githubusercontent.com/cooknation/pizzagroup/refs/heads/main/pizzagroup_image_3_PYUPM18.jpg;https://raw.githubusercontent.com/cooknation/pizzagroup/refs/heads/main/pizzagroup_datasheet_PYUPM18.pdf;https://raw.githubusercontent.com/cooknation/pizzagroup/refs/heads/main/pizzagroup_manual_PYUPM18.pdf;https://raw.githubusercontent.com/cooknation/pizzagroup/refs/heads/main/pizzagroup_technicalmanual_PYUPM18.pdf;https://raw.githubusercontent.com/cooknation/pizzagroup/refs/heads/main/pizzagroup_drawing_PYUPM18.pdf;https://raw.githubusercontent.com/cooknation/pizzagroup/refs/heads/main/pizzagroup_catalogue_PYUPM18.pdf;https://raw.githubusercontent.com/cooknation/pizzagroup/refs/heads/main/pizzagroup_photo_PYUPM18.jpg;https://raw.githubusercontent.com/cooknation/pizzagroup/refs/heads/main/pizzagroup_card_PYUPM18.pdf;https://raw.githubusercontent.com/cooknation/pizzagroup/refs/heads/main/pizzagroup_brandcatalogue.pdf;https://raw.githubusercontent.com/cooknation/pizzagroup/refs/heads/main/pizzagroup_price.pdf
CKNPGRPYUPM4;PYUPM4;PIZZAGROUP;PYRALIS UP PY-UP M4;PYRALIS UP - 4 x Ø 30/34 - 70x70cm - Power: 6.6kW;A Made-in-Italy style, quality and guarantee. The Pyralis ovens fully satisfy the needs of pizza professionals by providing the utmost in: performance, sturdiness, quality, technology and design. Pizza Group has renewed its line of Pyralis ovens by focusing extensively on product aesthetics, making them the perfect solution for front of house installations. The entire Pyralis line is equipped with the high-performance Activestone technology, and may be ordered with full refractory chamber for an even higher thermal efficiency. Professional pizza oven PYRALIS UP model PY-UP M4. Chamber capacity: 4 x Ø 30/34. Baking surface: 70x70cm. Chamber height: 15cm. Power: 6.6kW (Up: 4.2kW, Down: 2.4kW). Electrical: 400V 3N+T 50/60Hz. Dimensions: 113x103x40cm. Weight: 115kg.;113;cm;103;cm;40;cm;115;kg;3172;;EUR;;;Cooking>Oven>Pizza;Pizzagroup, Pizzeria, Pizza, Oven;;;;simple;;Chamber Capacity;4 x Ø 30/34;Power Total;6.6 kW;Baking Surface;70x70 cm;Chamber Height;15 cm;Voltage;400V 3N+T;;;active;https://www.youtube.com/watch?v=Du_vDF5oEqI;https://raw.githubusercontent.com/cooknation/pizzagroup/refs/heads/main/pizzagroup_image_PYUPM4.jpg;https://raw.githubusercontent.com/cooknation/pizzagroup/refs/heads/main/pizzagroup_image_2_PYUPM4.jpg;https://raw.githubusercontent.com/cooknation/pizzagroup/refs/heads/main/pizzagroup_image_3_PYUPM4.jpg;https://raw.githubusercontent.com/cooknation/pizzagroup/refs/heads/main/pizzagroup_datasheet_PYUPM4.pdf;https://raw.githubusercontent.com/cooknation/pizzagroup/refs/heads/main/pizzagroup_manual_PYUPM4.pdf;https://raw.githubusercontent.com/cooknation/pizzagroup/refs/heads/main/pizzagroup_technicalmanual_PYUPM4.pdf;https://raw.githubusercontent.com/cooknation/pizzagroup/refs/heads/main/pizzagroup_drawing_PYUPM4.pdf;https://raw.githubusercontent.com/cooknation/pizzagroup/refs/heads/main/pizzagroup_catalogue_PYUPM4.pdf;https://raw.githubusercontent.com/cooknation/pizzagroup/refs/heads/main/pizzagroup_photo_PYUPM4.jpg;https://raw.githubusercontent.com/cooknation/pizzagroup/refs/heads/main/pizzagroup_card_PYUPM4.pdf;https://raw.githubusercontent.com/cooknation/pizzagroup/refs/heads/main/pizzagroup_brandcatalogue.pdf;https://raw.githubusercontent.com/cooknation/pizzagroup/refs/heads/main/pizzagroup_price.pdf
CKNPGRPYUPM6;PYUPM6;PIZZAGROUP;PYRALIS UP PY-UP M6;PYRALIS UP - 6 x Ø 30/34 - 70x105cm - Power: 8.88kW;A Made-in-Italy style, quality and guarantee. The Pyralis ovens fully satisfy the needs of pizza professionals by providing the utmost in: performance, sturdiness, quality, technology and design. Pizza Group has renewed its line of Pyralis ovens by focusing extensively on product aesthetics, making them the perfect solution for front of house installations. The entire Pyralis line is equipped with the high-performance Activestone technology, and may be ordered with full refractory chamber for an even higher thermal efficiency. Professional pizza oven PYRALIS UP model PY-UP M6. Chamber capacity: 6 x Ø 30/34. Baking surface: 70x105cm. Chamber height: 15cm. Power: 8.88kW (Up: 5.4kW, Down: 3.48kW). Electrical: 400V 3N+T 50/60Hz. Dimensions: 113x138x40cm. Weight: 129kg.;113;cm;138;cm;40;cm;129;kg;3799;;EUR;;;Cooking>Oven>Pizza;Pizzagroup, Pizzeria, Pizza, Oven;;;;simple;;Chamber Capacity;6 x Ø 30/34;Power Total;8.88 kW;Baking Surface;70x105 cm;Chamber Height;15 cm;Voltage;400V 3N+T;;;active;https://www.youtube.com/watch?v=Du_vDF5oEqI;https://raw.githubusercontent.com/cooknation/pizzagroup/refs/heads/main/pizzagroup_image_PYUPM6.jpg;https://raw.githubusercontent.com/cooknation/pizzagroup/refs/heads/main/pizzagroup_image_2_PYUPM6.jpg;https://raw.githubusercontent.com/cooknation/pizzagroup/refs/heads/main/pizzagroup_image_3_PYUPM6.jpg;https://raw.githubusercontent.com/cooknation/pizzagroup/refs/heads/main/pizzagroup_datasheet_PYUPM6.pdf;https://raw.githubusercontent.com/cooknation/pizzagroup/refs/heads/main/pizzagroup_manual_PYUPM6.pdf;https://raw.githubusercontent.com/cooknation/pizzagroup/refs/heads/main/pizzagroup_technicalmanual_PYUPM6.pdf;https://raw.githubusercontent.com/cooknation/pizzagroup/refs/heads/main/pizzagroup_drawing_PYUPM6.pdf;https://raw.githubusercontent.com/cooknation/pizzagroup/refs/heads/main/pizzagroup_catalogue_PYUPM6.pdf;https://raw.githubusercontent.com/cooknation/pizzagroup/refs/heads/main/pizzagroup_photo_PYUPM6.jpg;https://raw.githubusercontent.com/cooknation/pizzagroup/refs/heads/main/pizzagroup_card_PYUPM6.pdf;https://raw.githubusercontent.com/cooknation/pizzagroup/refs/heads/main/pizzagroup_brandcatalogue.pdf;https://raw.githubusercontent.com/cooknation/pizzagroup/refs/heads/main/pizzagroup_price.pdf
CKNPGRPYUPM6L;PYUPM6L;PIZZAGROUP;PYRALIS UP PY-UP M6L;PYRALIS UP - 6 x Ø 30/34 - 105x70cm - Power: 9kW;A Made-in-Italy style, quality and guarantee. The Pyralis ovens fully satisfy the needs of pizza professionals by providing the utmost in: performance, sturdiness, quality, technology and design. Pizza Group has renewed its line of Pyralis ovens by focusing extensively on product aesthetics, making them the perfect solution for front of house installations. The entire Pyralis line is equipped with the high-performance Activestone technology, and may be ordered with full refractory chamber for an even higher thermal efficiency. Professional pizza oven PYRALIS UP model PY-UP M6L. Chamber capacity: 6 x Ø 30/34. Baking surface: 105x70cm. Chamber height: 15cm. Power: 9kW (Up: 5.4kW, Down: 3.6kW). Electrical: 400V 3N+T 50/60Hz. Dimensions: 148x103x40cm. Weight: 139kg.;148;cm;103;cm;40;cm;139;kg;4145;;EUR;;;Cooking>Oven>Pizza;Pizzagroup, Pizzeria, Pizza, Oven;;;;simple;;Chamber Capacity;6 x Ø 30/34;Power Total;9 kW;Baking Surface;105x70 cm;Chamber Height;15 cm;Voltage;400V 3N+T;;;active;https://www.youtube.com/watch?v=Du_vDF5oEqI;https://raw.githubusercontent.com/cooknation/pizzagroup/refs/heads/main/pizzagroup_image_PYUPM6L.jpg;https://raw.githubusercontent.com/cooknation/pizzagroup/refs/heads/main/pizzagroup_image_2_PYUPM6L.jpg;https://raw.githubusercontent.com/cooknation/pizzagroup/refs/heads/main/pizzagroup_image_3_PYUPM6L.jpg;https://raw.githubusercontent.com/cooknation/pizzagroup/refs/heads/main/pizzagroup_datasheet_PYUPM6L.pdf;https://raw.githubusercontent.com/cooknation/pizzagroup/refs/heads/main/pizzagroup_manual_PYUPM6L.pdf;https://raw.githubusercontent.com/cooknation/pizzagroup/refs/heads/main/pizzagroup_technicalmanual_PYUPM6L.pdf;https://raw.githubusercontent.com/cooknation/pizzagroup/refs/heads/main/pizzagroup_drawing_PYUPM6L.pdf;https://raw.githubusercontent.com/cooknation/pizzagroup/refs/heads/main/pizzagroup_catalogue_PYUPM6L.pdf;https://raw.githubusercontent.com/cooknation/pizzagroup/refs/heads/main/pizzagroup_photo_PYUPM6L.jpg;https://raw.githubusercontent.com/cooknation/pizzagroup/refs/heads/main/pizzagroup_card_PYUPM6L.pdf;https://raw.githubusercontent.com/cooknation/pizzagroup/refs/heads/main/pizzagroup_brandcatalogue.pdf;https://raw.githubusercontent.com/cooknation/pizzagroup/refs/heads/main/pizzagroup_price.pdf
CKNPGRPYUPM8;PYUPM8;PIZZAGROUP;PYRALIS UP PY-UP M8;PYRALIS UP - 4 x Ø 30/34 (x2) - 70x70cm - Power: 13.2kW;A Made-in-Italy style, quality and guarantee. The Pyralis ovens fully satisfy the needs of pizza professionals by providing the utmost in: performance, sturdiness, quality, technology and design. Pizza Group has renewed its line of Pyralis ovens by focusing extensively on product aesthetics, making them the perfect solution for front of house installations. The entire Pyralis line is equipped with the high-performance Activestone technology, and may be ordered with full refractory chamber for an even higher thermal efficiency. Professional pizza oven PYRALIS UP model PY-UP M8. Chamber capacity: 4 x Ø 30/34 (x2). Baking surface: 70x70cm. Chamber height: 15 (x2)cm. Power: 13.2kW (Up: 4.2kW, Down: 2.4kW). Electrical: 400V 3N+T 50/60Hz. Dimensions: 113x103x72cm. Weight: 183kg.;113;cm;103;cm;72;cm;183;kg;5504;;EUR;;;Cooking>Oven>Pizza;Pizzagroup, Pizzeria, Pizza, Oven;;;;simple;;Chamber Capacity;4 x Ø 30/34 (x2);Power Total;13.2 kW;Baking Surface;70x70 cm;Chamber Height;15 (x2) cm;Voltage;400V 3N+T;;;active;https://www.youtube.com/watch?v=Du_vDF5oEqI;https://raw.githubusercontent.com/cooknation/pizzagroup/refs/heads/main/pizzagroup_image_PYUPM8.jpg;https://raw.githubusercontent.com/cooknation/pizzagroup/refs/heads/main/pizzagroup_image_2_PYUPM8.jpg;https://raw.githubusercontent.com/cooknation/pizzagroup/refs/heads/main/pizzagroup_image_3_PYUPM8.jpg;https://raw.githubusercontent.com/cooknation/pizzagroup/refs/heads/main/pizzagroup_datasheet_PYUPM8.pdf;https://raw.githubusercontent.com/cooknation/pizzagroup/refs/heads/main/pizzagroup_manual_PYUPM8.pdf;https://raw.githubusercontent.com/cooknation/pizzagroup/refs/heads/main/pizzagroup_technicalmanual_PYUPM8.pdf;https://raw.githubusercontent.com/cooknation/pizzagroup/refs/heads/main/pizzagroup_drawing_PYUPM8.pdf;https://raw.githubusercontent.com/cooknation/pizzagroup/refs/heads/main/pizzagroup_catalogue_PYUPM8.pdf;https://raw.githubusercontent.com/cooknation/pizzagroup/refs/heads/main/pizzagroup_photo_PYUPM8.jpg;https://raw.githubusercontent.com/cooknation/pizzagroup/refs/heads/main/pizzagroup_card_PYUPM8.pdf;https://raw.githubusercontent.com/cooknation/pizzagroup/refs/heads/main/pizzagroup_brandcatalogue.pdf;https://raw.githubusercontent.com/cooknation/pizzagroup/refs/heads/main/pizzagroup_price.pdf
CKNPGRPYUPM9;PYUPM9;PIZZAGROUP;PYRALIS UP PY-UP M9;PYRALIS UP - 9 x Ø 30/34 - 105x105cm - Power: 13.32kW;A Made-in-Italy style, quality and guarantee. The Pyralis ovens fully satisfy the needs of pizza professionals by providing the utmost in: performance, sturdiness, quality, technology and design. Pizza Group has renewed its line of Pyralis ovens by focusing extensively on product aesthetics, making them the perfect solution for front of house installations. The entire Pyralis line is equipped with the high-performance Activestone technology, and may be ordered with full refractory chamber for an even higher thermal efficiency. Professional pizza oven PYRALIS UP model PY-UP M9. Chamber capacity: 9 x Ø 30/34. Baking surface: 105x105cm. Chamber height: 15cm. Power: 13.32kW (Up: 8.1kW, Down: 5.22kW). Electrical: 400V 3N+T 50/60Hz. Dimensions: 148x138x40cm. Weight: 159kg.;148;cm;138;cm;40;cm;159;kg;4875;;EUR;;;Cooking>Oven>Pizza;Pizzagroup, Pizzeria, Pizza, Oven;;;;simple;;Chamber Capacity;9 x Ø 30/34;Power Total;13.32 kW;Baking Surface;105x105 cm;Chamber Height;15 cm;Voltage;400V 3N+T;;;active;https://www.youtube.com/watch?v=Du_vDF5oEqI;https://raw.githubusercontent.com/cooknation/pizzagroup/refs/heads/main/pizzagroup_image_PYUPM9.jpg;https://raw.githubusercontent.com/cooknation/pizzagroup/refs/heads/main/pizzagroup_image_2_PYUPM9.jpg;https://raw.githubusercontent.com/cooknation/pizzagroup/refs/heads/main/pizzagroup_image_3_PYUPM9.jpg;https://raw.githubusercontent.com/cooknation/pizzagroup/refs/heads/main/pizzagroup_datasheet_PYUPM9.pdf;https://raw.githubusercontent.com/cooknation/pizzagroup/refs/heads/main/pizzagroup_manual_PYUPM9.pdf;https://raw.githubusercontent.com/cooknation/pizzagroup/refs/heads/main/pizzagroup_technicalmanual_PYUPM9.pdf;https://raw.githubusercontent.com/cooknation/pizzagroup/refs/heads/main/pizzagroup_drawing_PYUPM9.pdf;https://raw.githubusercontent.com/cooknation/pizzagroup/refs/heads/main/pizzagroup_catalogue_PYUPM9.pdf;https://raw.githubusercontent.com/cooknation/pizzagroup/refs/heads/main/pizzagroup_photo_PYUPM9.jpg;https://raw.githubusercontent.com/cooknation/pizzagroup/refs/heads/main/pizzagroup_card_PYUPM9.pdf;https://raw.githubusercontent.com/cooknation/pizzagroup/refs/heads/main/pizzagroup_brandcatalogue.pdf;https://raw.githubusercontent.com/cooknation/pizzagroup/refs/heads/main/pizzagroup_price.pdf
CKNPGRRM32A;RM32A;PIZZAGROUP;Dough Roller;Dough rolling machine with adjustable thickness (0.4–4.0 mm).;"Designed for bread, pizza and focaccia dough; thickness adjustable via levers; available with single or double roller pairs; plastic or steel guard; tested with 60% dough hydration.";42.0;cm;47.0;cm;65.0;cm;26.0;kg;1412.0;;EUR;;;Preparation>Dough Roller;Pizzagroup, Pizzeria, Pizza;;;;simple;;Dough weight (g);80–210;Pizza diameter (cm);14–31;Thickness range (mm);0.4–4.0;;;;;;;active;https://www.youtube.com/watch?v=gA1HkaHbs-o;https://raw.githubusercontent.com/cooknation/pizzagroup/refs/heads/main/pizzagroup_image_RM32A.jpg;https://raw.githubusercontent.com/cooknation/pizzagroup/refs/heads/main/pizzagroup_image_2_RM32A.jpg;https://raw.githubusercontent.com/cooknation/pizzagroup/refs/heads/main/pizzagroup_image_3_RM32A.jpg;https://raw.githubusercontent.com/cooknation/pizzagroup/refs/heads/main/pizzagroup_datasheet_RM32A.pdf;https://raw.githubusercontent.com/cooknation/pizzagroup/refs/heads/main/pizzagroup_manual_RM32A.pdf;https://raw.githubusercontent.com/cooknation/pizzagroup/refs/heads/main/pizzagroup_technicalmanual_RM32A.pdf;https://raw.githubusercontent.com/cooknation/pizzagroup/refs/heads/main/pizzagroup_drawing_RM32A.pdf;https://raw.githubusercontent.com/cooknation/pizzagroup/refs/heads/main/pizzagroup_catalogue_RM32A.pdf;https://raw.githubusercontent.com/cooknation/pizzagroup/refs/heads/main/pizzagroup_photo_RM32A.jpg;https://raw.githubusercontent.com/cooknation/pizzagroup/refs/heads/main/pizzagroup_card_RM32A.pdf;https://raw.githubusercontent.com/cooknation/pizzagroup/refs/heads/main/pizzagroup_brandcatalogue.pdf;https://raw.githubusercontent.com/cooknation/pizzagroup/refs/heads/main/pizzagroup_price.pdf
CKNPGRRM35A;RM35A;PIZZAGROUP;Dough Roller;Dough rolling machine with adjustable thickness (0.4–4.0 mm).;"Designed for bread, pizza and focaccia dough; thickness adjustable via levers; available with single or double roller pairs; plastic or steel guard; tested with 60% dough hydration.";46.0;cm;48.0;cm;63.0;cm;27.0;kg;1550.0;;EUR;;;Preparation>Dough Roller;Pizzagroup, Pizzeria, Pizza;;;;simple;;Dough weight (g);80–400;Pizza diameter (cm);14–34;Thickness range (mm);0.4–4.0;;;;;;;active;https://www.youtube.com/watch?v=gA1HkaHbs-o;https://raw.githubusercontent.com/cooknation/pizzagroup/refs/heads/main/pizzagroup_image_RM35A.jpg;https://raw.githubusercontent.com/cooknation/pizzagroup/refs/heads/main/pizzagroup_image_2_RM35A.jpg;https://raw.githubusercontent.com/cooknation/pizzagroup/refs/heads/main/pizzagroup_image_3_RM35A.jpg;https://raw.githubusercontent.com/cooknation/pizzagroup/refs/heads/main/pizzagroup_datasheet_RM35A.pdf;https://raw.githubusercontent.com/cooknation/pizzagroup/refs/heads/main/pizzagroup_manual_RM35A.pdf;https://raw.githubusercontent.com/cooknation/pizzagroup/refs/heads/main/pizzagroup_technicalmanual_RM35A.pdf;https://raw.githubusercontent.com/cooknation/pizzagroup/refs/heads/main/pizzagroup_drawing_RM35A.pdf;https://raw.githubusercontent.com/cooknation/pizzagroup/refs/heads/main/pizzagroup_catalogue_RM35A.pdf;https://raw.githubusercontent.com/cooknation/pizzagroup/refs/heads/main/pizzagroup_photo_RM35A.jpg;https://raw.githubusercontent.com/cooknation/pizzagroup/refs/heads/main/pizzagroup_card_RM35A.pdf;https://raw.githubusercontent.com/cooknation/pizzagroup/refs/heads/main/pizzagroup_brandcatalogue.pdf;https://raw.githubusercontent.com/cooknation/pizzagroup/refs/heads/main/pizzagroup_price.pdf
CKNPGRRM42A;RM42A;PIZZAGROUP;Dough Roller;Dough rolling machine with adjustable thickness (0.4–4.0 mm).;"Designed for bread, pizza and focaccia dough; thickness adjustable via levers; available with single or double roller pairs; plastic or steel guard; tested with 60% dough hydration.";53.0;cm;47.0;cm;79.0;cm;35.0;kg;1663.0;;EUR;;;Preparation>Dough Roller;Pizzagroup, Pizzeria, Pizza;;;;simple;;Dough weight (g);210–600;Pizza diameter (cm);26–40;Thickness range (mm);0.4–4.0;;;;;;;active;https://www.youtube.com/watch?v=gA1HkaHbs-o;https://raw.githubusercontent.com/cooknation/pizzagroup/refs/heads/main/pizzagroup_image_RM42A.jpg;https://raw.githubusercontent.com/cooknation/pizzagroup/refs/heads/main/pizzagroup_image_2_RM42A.jpg;https://raw.githubusercontent.com/cooknation/pizzagroup/refs/heads/main/pizzagroup_image_3_RM42A.jpg;https://raw.githubusercontent.com/cooknation/pizzagroup/refs/heads/main/pizzagroup_datasheet_RM42A.pdf;https://raw.githubusercontent.com/cooknation/pizzagroup/refs/heads/main/pizzagroup_manual_RM42A.pdf;https://raw.githubusercontent.com/cooknation/pizzagroup/refs/heads/main/pizzagroup_technicalmanual_RM42A.pdf;https://raw.githubusercontent.com/cooknation/pizzagroup/refs/heads/main/pizzagroup_drawing_RM42A.pdf;https://raw.githubusercontent.com/cooknation/pizzagroup/refs/heads/main/pizzagroup_catalogue_RM42A.pdf;https://raw.githubusercontent.com/cooknation/pizzagroup/refs/heads/main/pizzagroup_photo_RM42A.jpg;https://raw.githubusercontent.com/cooknation/pizzagroup/refs/heads/main/pizzagroup_card_RM42A.pdf;https://raw.githubusercontent.com/cooknation/pizzagroup/refs/heads/main/pizzagroup_brandcatalogue.pdf;https://raw.githubusercontent.com/cooknation/pizzagroup/refs/heads/main/pizzagroup_price.pdf
CKNPGRRM42TA;RM42TA;PIZZAGROUP;Dough Roller;Dough rolling machine with adjustable thickness (0.4–4.0 mm).;"Designed for bread, pizza and focaccia dough; thickness adjustable via levers; available with single or double roller pairs; plastic or steel guard; tested with 60% dough hydration.";53.0;cm;52.0;cm;69.0;cm;35.0;kg;1736.0;;EUR;;;Preparation>Dough Roller;Pizzagroup, Pizzeria, Pizza;;;;simple;;Dough weight (g);210–600;Pizza diameter (cm);26–40;Thickness range (mm);0.4–4.0;;;;;;;active;https://www.youtube.com/watch?v=gA1HkaHbs-o;https://raw.githubusercontent.com/cooknation/pizzagroup/refs/heads/main/pizzagroup_image_RM42TA.jpg;https://raw.githubusercontent.com/cooknation/pizzagroup/refs/heads/main/pizzagroup_image_2_RM42TA.jpg;https://raw.githubusercontent.com/cooknation/pizzagroup/refs/heads/main/pizzagroup_image_3_RM42TA.jpg;https://raw.githubusercontent.com/cooknation/pizzagroup/refs/heads/main/pizzagroup_datasheet_RM42TA.pdf;https://raw.githubusercontent.com/cooknation/pizzagroup/refs/heads/main/pizzagroup_manual_RM42TA.pdf;https://raw.githubusercontent.com/cooknation/pizzagroup/refs/heads/main/pizzagroup_technicalmanual_RM42TA.pdf;https://raw.githubusercontent.com/cooknation/pizzagroup/refs/heads/main/pizzagroup_drawing_RM42TA.pdf;https://raw.githubusercontent.com/cooknation/pizzagroup/refs/heads/main/pizzagroup_catalogue_RM42TA.pdf;https://raw.githubusercontent.com/cooknation/pizzagroup/refs/heads/main/pizzagroup_photo_RM42TA.jpg;https://raw.githubusercontent.com/cooknation/pizzagroup/refs/heads/main/pizzagroup_card_RM42TA.pdf;https://raw.githubusercontent.com/cooknation/pizzagroup/refs/heads/main/pizzagroup_brandcatalogue.pdf;https://raw.githubusercontent.com/cooknation/pizzagroup/refs/heads/main/pizzagroup_price.pdf
CKNPGRRM45A;RM45A;PIZZAGROUP;Dough Roller;Dough rolling machine with adjustable thickness (0.4–4.0 mm).;"Designed for bread, pizza and focaccia dough; thickness adjustable via levers; available with single or double roller pairs; plastic or steel guard; tested with 60% dough hydration.";57.0;cm;55.0;cm;77.0;cm;38.0;kg;1797.0;;EUR;;;Preparation>Dough Roller;Pizzagroup, Pizzeria, Pizza;;;;simple;;Dough weight (g);210–700;Pizza diameter (cm);26–43;Thickness range (mm);0.4–4.0;;;;;;;active;https://www.youtube.com/watch?v=gA1HkaHbs-o;https://raw.githubusercontent.com/cooknation/pizzagroup/refs/heads/main/pizzagroup_image_RM45A.jpg;https://raw.githubusercontent.com/cooknation/pizzagroup/refs/heads/main/pizzagroup_image_2_RM45A.jpg;https://raw.githubusercontent.com/cooknation/pizzagroup/refs/heads/main/pizzagroup_image_3_RM45A.jpg;https://raw.githubusercontent.com/cooknation/pizzagroup/refs/heads/main/pizzagroup_datasheet_RM45A.pdf;https://raw.githubusercontent.com/cooknation/pizzagroup/refs/heads/main/pizzagroup_manual_RM45A.pdf;https://raw.githubusercontent.com/cooknation/pizzagroup/refs/heads/main/pizzagroup_technicalmanual_RM45A.pdf;https://raw.githubusercontent.com/cooknation/pizzagroup/refs/heads/main/pizzagroup_drawing_RM45A.pdf;https://raw.githubusercontent.com/cooknation/pizzagroup/refs/heads/main/pizzagroup_catalogue_RM45A.pdf;https://raw.githubusercontent.com/cooknation/pizzagroup/refs/heads/main/pizzagroup_photo_RM45A.jpg;https://raw.githubusercontent.com/cooknation/pizzagroup/refs/heads/main/pizzagroup_card_RM45A.pdf;https://raw.githubusercontent.com/cooknation/pizzagroup/refs/heads/main/pizzagroup_brandcatalogue.pdf;https://raw.githubusercontent.com/cooknation/pizzagroup/refs/heads/main/pizzagroup_price.pdf
CKNPGRRM45TA;RM45TA;PIZZAGROUP;Dough Roller;Dough rolling machine with adjustable thickness (0.4–4.0 mm).;"Designed for bread, pizza and focaccia dough; thickness adjustable via levers; available with single or double roller pairs; plastic or steel guard; tested with 60% dough hydration.";59.0;cm;55.0;cm;67.0;cm;38.0;kg;1971.0;;EUR;;;Preparation>Dough Roller;Pizzagroup, Pizzeria, Pizza;;;;simple;;Dough weight (g);210–700;Pizza diameter (cm);30–43;Thickness range (mm);0.4–4.0;;;;;;;active;https://www.youtube.com/watch?v=gA1HkaHbs-o;https://raw.githubusercontent.com/cooknation/pizzagroup/refs/heads/main/pizzagroup_image_RM45TA.jpg;https://raw.githubusercontent.com/cooknation/pizzagroup/refs/heads/main/pizzagroup_image_2_RM45TA.jpg;https://raw.githubusercontent.com/cooknation/pizzagroup/refs/heads/main/pizzagroup_image_3_RM45TA.jpg;https://raw.githubusercontent.com/cooknation/pizzagroup/refs/heads/main/pizzagroup_datasheet_RM45TA.pdf;https://raw.githubusercontent.com/cooknation/pizzagroup/refs/heads/main/pizzagroup_manual_RM45TA.pdf;https://raw.githubusercontent.com/cooknation/pizzagroup/refs/heads/main/pizzagroup_technicalmanual_RM45TA.pdf;https://raw.githubusercontent.com/cooknation/pizzagroup/refs/heads/main/pizzagroup_drawing_RM45TA.pdf;https://raw.githubusercontent.com/cooknation/pizzagroup/refs/heads/main/pizzagroup_catalogue_RM45TA.pdf;https://raw.githubusercontent.com/cooknation/pizzagroup/refs/heads/main/pizzagroup_photo_RM45TA.jpg;https://raw.githubusercontent.com/cooknation/pizzagroup/refs/heads/main/pizzagroup_card_RM45TA.pdf;https://raw.githubusercontent.com/cooknation/pizzagroup/refs/heads/main/pizzagroup_brandcatalogue.pdf;https://raw.githubusercontent.com/cooknation/pizzagroup/refs/heads/main/pizzagroup_price.pdf
CKNPGRS12;S12;PIZZAGROUP;Accessory - Pyralis oven - Stand;Stainless steel stand for Pyralis ovens.;Stainless steel stand for Pyralis ovens.;;;;;;;60.0;kg;689.0;;EUR;;;Cooking>Oven>Pizza;Pizzagroup, Pizzeria, Pizza, Oven;;;;simple;;;;;;;;;;;;;;active;https://www.youtube.com/watch?v=Du_vDF5oEqI;https://raw.githubusercontent.com/cooknation/pizzagroup/refs/heads/main/pizzagroup_image_S12.jpg;https://raw.githubusercontent.com/cooknation/pizzagroup/refs/heads/main/pizzagroup_image_2_S12.jpg;https://raw.githubusercontent.com/cooknation/pizzagroup/refs/heads/main/pizzagroup_image_3_S12.jpg;https://raw.githubusercontent.com/cooknation/pizzagroup/refs/heads/main/pizzagroup_datasheet_S12.pdf;https://raw.githubusercontent.com/cooknation/pizzagroup/refs/heads/main/pizzagroup_manual_S12.pdf;https://raw.githubusercontent.com/cooknation/pizzagroup/refs/heads/main/pizzagroup_technicalmanual_S12.pdf;https://raw.githubusercontent.com/cooknation/pizzagroup/refs/heads/main/pizzagroup_drawing_S12.pdf;https://raw.githubusercontent.com/cooknation/pizzagroup/refs/heads/main/pizzagroup_catalogue_S12.pdf;https://raw.githubusercontent.com/cooknation/pizzagroup/refs/heads/main/pizzagroup_photo_S12.jpg;https://raw.githubusercontent.com/cooknation/pizzagroup/refs/heads/main/pizzagroup_card_S12.pdf;https://raw.githubusercontent.com/cooknation/pizzagroup/refs/heads/main/pizzagroup_brandcatalogue.pdf;https://raw.githubusercontent.com/cooknation/pizzagroup/refs/heads/main/pizzagroup_price.pdf
CKNPGRS12;S12;PIZZAGROUP;Accessory - Pyralis oven - Stand;Stainless steel stand for Pyralis ovens.;Stainless steel stand for Pyralis ovens.;;;;;;;60.0;kg;689.0;;EUR;;;Cooking>Oven>Pizza;Pizzagroup, Pizzeria, Pizza, Oven;;;;simple;;;;;;;;;;;;;;active;https://www.youtube.com/watch?v=Du_vDF5oEqI;https://raw.githubusercontent.com/cooknation/pizzagroup/refs/heads/main/pizzagroup_image_S12.jpg;https://raw.githubusercontent.com/cooknation/pizzagroup/refs/heads/main/pizzagroup_image_2_S12.jpg;https://raw.githubusercontent.com/cooknation/pizzagroup/refs/heads/main/pizzagroup_image_3_S12.jpg;https://raw.githubusercontent.com/cooknation/pizzagroup/refs/heads/main/pizzagroup_datasheet_S12.pdf;https://raw.githubusercontent.com/cooknation/pizzagroup/refs/heads/main/pizzagroup_manual_S12.pdf;https://raw.githubusercontent.com/cooknation/pizzagroup/refs/heads/main/pizzagroup_technicalmanual_S12.pdf;https://raw.githubusercontent.com/cooknation/pizzagroup/refs/heads/main/pizzagroup_drawing_S12.pdf;https://raw.githubusercontent.com/cooknation/pizzagroup/refs/heads/main/pizzagroup_catalogue_S12.pdf;https://raw.githubusercontent.com/cooknation/pizzagroup/refs/heads/main/pizzagroup_photo_S12.jpg;https://raw.githubusercontent.com/cooknation/pizzagroup/refs/heads/main/pizzagroup_card_S12.pdf;https://raw.githubusercontent.com/cooknation/pizzagroup/refs/heads/main/pizzagroup_brandcatalogue.pdf;https://raw.githubusercontent.com/cooknation/pizzagroup/refs/heads/main/pizzagroup_price.pdf
CKNPGRS12L;S12L;PIZZAGROUP;Accessory - Pyralis oven - Stand;Stainless steel stand for Pyralis ovens.;Stainless steel stand for Pyralis ovens.;;;;;;;60.0;kg;689.0;;EUR;;;Cooking>Oven>Pizza;Pizzagroup, Pizzeria, Pizza, Oven;;;;simple;;;;;;;;;;;;;;active;https://www.youtube.com/watch?v=Du_vDF5oEqI;https://raw.githubusercontent.com/cooknation/pizzagroup/refs/heads/main/pizzagroup_image_S12L.jpg;https://raw.githubusercontent.com/cooknation/pizzagroup/refs/heads/main/pizzagroup_image_2_S12L.jpg;https://raw.githubusercontent.com/cooknation/pizzagroup/refs/heads/main/pizzagroup_image_3_S12L.jpg;https://raw.githubusercontent.com/cooknation/pizzagroup/refs/heads/main/pizzagroup_datasheet_S12L.pdf;https://raw.githubusercontent.com/cooknation/pizzagroup/refs/heads/main/pizzagroup_manual_S12L.pdf;https://raw.githubusercontent.com/cooknation/pizzagroup/refs/heads/main/pizzagroup_technicalmanual_S12L.pdf;https://raw.githubusercontent.com/cooknation/pizzagroup/refs/heads/main/pizzagroup_drawing_S12L.pdf;https://raw.githubusercontent.com/cooknation/pizzagroup/refs/heads/main/pizzagroup_catalogue_S12L.pdf;https://raw.githubusercontent.com/cooknation/pizzagroup/refs/heads/main/pizzagroup_photo_S12L.jpg;https://raw.githubusercontent.com/cooknation/pizzagroup/refs/heads/main/pizzagroup_card_S12L.pdf;https://raw.githubusercontent.com/cooknation/pizzagroup/refs/heads/main/pizzagroup_brandcatalogue.pdf;https://raw.githubusercontent.com/cooknation/pizzagroup/refs/heads/main/pizzagroup_price.pdf
CKNPGRS12L;S12L;PIZZAGROUP;Accessory - Pyralis oven - Stand;Stainless steel stand for Pyralis ovens.;Stainless steel stand for Pyralis ovens.;;;;;;;60.0;kg;689.0;;EUR;;;Cooking>Oven>Pizza;Pizzagroup, Pizzeria, Pizza, Oven;;;;simple;;;;;;;;;;;;;;active;https://www.youtube.com/watch?v=Du_vDF5oEqI;https://raw.githubusercontent.com/cooknation/pizzagroup/refs/heads/main/pizzagroup_image_S12L.jpg;https://raw.githubusercontent.com/cooknation/pizzagroup/refs/heads/main/pizzagroup_image_2_S12L.jpg;https://raw.githubusercontent.com/cooknation/pizzagroup/refs/heads/main/pizzagroup_image_3_S12L.jpg;https://raw.githubusercontent.com/cooknation/pizzagroup/refs/heads/main/pizzagroup_datasheet_S12L.pdf;https://raw.githubusercontent.com/cooknation/pizzagroup/refs/heads/main/pizzagroup_manual_S12L.pdf;https://raw.githubusercontent.com/cooknation/pizzagroup/refs/heads/main/pizzagroup_technicalmanual_S12L.pdf;https://raw.githubusercontent.com/cooknation/pizzagroup/refs/heads/main/pizzagroup_drawing_S12L.pdf;https://raw.githubusercontent.com/cooknation/pizzagroup/refs/heads/main/pizzagroup_catalogue_S12L.pdf;https://raw.githubusercontent.com/cooknation/pizzagroup/refs/heads/main/pizzagroup_photo_S12L.jpg;https://raw.githubusercontent.com/cooknation/pizzagroup/refs/heads/main/pizzagroup_card_S12L.pdf;https://raw.githubusercontent.com/cooknation/pizzagroup/refs/heads/main/pizzagroup_brandcatalogue.pdf;https://raw.githubusercontent.com/cooknation/pizzagroup/refs/heads/main/pizzagroup_price.pdf
CKNPGRS18;S18;PIZZAGROUP;Accessory - Pyralis oven - Stand;Stainless steel stand for Pyralis ovens.;Stainless steel stand for Pyralis ovens.;;;;;;;60.0;kg;761.0;;EUR;;;Cooking>Oven>Pizza;Pizzagroup, Pizzeria, Pizza, Oven;;;;simple;;;;;;;;;;;;;;active;https://www.youtube.com/watch?v=Du_vDF5oEqI;https://raw.githubusercontent.com/cooknation/pizzagroup/refs/heads/main/pizzagroup_image_S18.jpg;https://raw.githubusercontent.com/cooknation/pizzagroup/refs/heads/main/pizzagroup_image_2_S18.jpg;https://raw.githubusercontent.com/cooknation/pizzagroup/refs/heads/main/pizzagroup_image_3_S18.jpg;https://raw.githubusercontent.com/cooknation/pizzagroup/refs/heads/main/pizzagroup_datasheet_S18.pdf;https://raw.githubusercontent.com/cooknation/pizzagroup/refs/heads/main/pizzagroup_manual_S18.pdf;https://raw.githubusercontent.com/cooknation/pizzagroup/refs/heads/main/pizzagroup_technicalmanual_S18.pdf;https://raw.githubusercontent.com/cooknation/pizzagroup/refs/heads/main/pizzagroup_drawing_S18.pdf;https://raw.githubusercontent.com/cooknation/pizzagroup/refs/heads/main/pizzagroup_catalogue_S18.pdf;https://raw.githubusercontent.com/cooknation/pizzagroup/refs/heads/main/pizzagroup_photo_S18.jpg;https://raw.githubusercontent.com/cooknation/pizzagroup/refs/heads/main/pizzagroup_card_S18.pdf;https://raw.githubusercontent.com/cooknation/pizzagroup/refs/heads/main/pizzagroup_brandcatalogue.pdf;https://raw.githubusercontent.com/cooknation/pizzagroup/refs/heads/main/pizzagroup_price.pdf
CKNPGRS18;S18;PIZZAGROUP;Accessory - Pyralis oven - Stand;Stainless steel stand for Pyralis ovens.;Stainless steel stand for Pyralis ovens.;;;;;;;60.0;kg;761.0;;EUR;;;Cooking>Oven>Pizza;Pizzagroup, Pizzeria, Pizza, Oven;;;;simple;;;;;;;;;;;;;;active;https://www.youtube.com/watch?v=Du_vDF5oEqI;https://raw.githubusercontent.com/cooknation/pizzagroup/refs/heads/main/pizzagroup_image_S18.jpg;https://raw.githubusercontent.com/cooknation/pizzagroup/refs/heads/main/pizzagroup_image_2_S18.jpg;https://raw.githubusercontent.com/cooknation/pizzagroup/refs/heads/main/pizzagroup_image_3_S18.jpg;https://raw.githubusercontent.com/cooknation/pizzagroup/refs/heads/main/pizzagroup_datasheet_S18.pdf;https://raw.githubusercontent.com/cooknation/pizzagroup/refs/heads/main/pizzagroup_manual_S18.pdf;https://raw.githubusercontent.com/cooknation/pizzagroup/refs/heads/main/pizzagroup_technicalmanual_S18.pdf;https://raw.githubusercontent.com/cooknation/pizzagroup/refs/heads/main/pizzagroup_drawing_S18.pdf;https://raw.githubusercontent.com/cooknation/pizzagroup/refs/heads/main/pizzagroup_catalogue_S18.pdf;https://raw.githubusercontent.com/cooknation/pizzagroup/refs/heads/main/pizzagroup_photo_S18.jpg;https://raw.githubusercontent.com/cooknation/pizzagroup/refs/heads/main/pizzagroup_card_S18.pdf;https://raw.githubusercontent.com/cooknation/pizzagroup/refs/heads/main/pizzagroup_brandcatalogue.pdf;https://raw.githubusercontent.com/cooknation/pizzagroup/refs/heads/main/pizzagroup_price.pdf
CKNPGRS4;S4;PIZZAGROUP;Accessory - Entry oven - Stainless steel stand;Stainless steel stand for Entry ovens.;Accessory: stainless steel stand for Entry Max ovens. Some variants with bottom shelf.;;cm;;cm;;cm;496.0;kg;36.0;;EUR;;;Cooking>Oven>Pizza;Pizzagroup, Pizzeria, Pizza, Oven;;;;simple;;Overall dimensions (cm);99x113x108;;;;;;;;;;;active;https://raw.githubusercontent.com/cooknation/pizzagroup/refs/heads/main/pizzagroup_video_S4.mp4;https://raw.githubusercontent.com/cooknation/pizzagroup/refs/heads/main/pizzagroup_image_S4.jpg;https://raw.githubusercontent.com/cooknation/pizzagroup/refs/heads/main/pizzagroup_image_2_S4.jpg;https://raw.githubusercontent.com/cooknation/pizzagroup/refs/heads/main/pizzagroup_image_3_S4.jpg;https://raw.githubusercontent.com/cooknation/pizzagroup/refs/heads/main/pizzagroup_datasheet_S4.pdf;https://raw.githubusercontent.com/cooknation/pizzagroup/refs/heads/main/pizzagroup_manual_S4.pdf;https://raw.githubusercontent.com/cooknation/pizzagroup/refs/heads/main/pizzagroup_technicalmanual_S4.pdf;https://raw.githubusercontent.com/cooknation/pizzagroup/refs/heads/main/pizzagroup_drawing_S4.pdf;https://raw.githubusercontent.com/cooknation/pizzagroup/refs/heads/main/pizzagroup_catalogue_S4.pdf;https://raw.githubusercontent.com/cooknation/pizzagroup/refs/heads/main/pizzagroup_photo_S4.jpg;https://raw.githubusercontent.com/cooknation/pizzagroup/refs/heads/main/pizzagroup_card_S4.pdf;https://raw.githubusercontent.com/cooknation/pizzagroup/refs/heads/main/pizzagroup_brandcatalogue.pdf;https://raw.githubusercontent.com/cooknation/pizzagroup/refs/heads/main/pizzagroup_price.pdf
CKNPGRS4;S4;PIZZAGROUP;Accessory - Entry oven - Stainless steel stand ;Stainless steel stand for Entry ovens.;Accessory: stainless steel stand for Entry Max ovens. Some variants with bottom shelf.;;cm;;cm;;cm;38.0;kg;38.0;;EUR;;;Cooking>Oven>Pizza;Pizzagroup, Pizzeria, Pizza, Oven;;;;simple;;Overall dimensions (cm);99x78x108;;;;;;;;;;;active;https://raw.githubusercontent.com/cooknation/pizzagroup/refs/heads/main/pizzagroup_video_S4.mp4;https://raw.githubusercontent.com/cooknation/pizzagroup/refs/heads/main/pizzagroup_image_S4.jpg;https://raw.githubusercontent.com/cooknation/pizzagroup/refs/heads/main/pizzagroup_image_2_S4.jpg;https://raw.githubusercontent.com/cooknation/pizzagroup/refs/heads/main/pizzagroup_image_3_S4.jpg;https://raw.githubusercontent.com/cooknation/pizzagroup/refs/heads/main/pizzagroup_datasheet_S4.pdf;https://raw.githubusercontent.com/cooknation/pizzagroup/refs/heads/main/pizzagroup_manual_S4.pdf;https://raw.githubusercontent.com/cooknation/pizzagroup/refs/heads/main/pizzagroup_technicalmanual_S4.pdf;https://raw.githubusercontent.com/cooknation/pizzagroup/refs/heads/main/pizzagroup_drawing_S4.pdf;https://raw.githubusercontent.com/cooknation/pizzagroup/refs/heads/main/pizzagroup_catalogue_S4.pdf;https://raw.githubusercontent.com/cooknation/pizzagroup/refs/heads/main/pizzagroup_photo_S4.jpg;https://raw.githubusercontent.com/cooknation/pizzagroup/refs/heads/main/pizzagroup_card_S4.pdf;https://raw.githubusercontent.com/cooknation/pizzagroup/refs/heads/main/pizzagroup_brandcatalogue.pdf;https://raw.githubusercontent.com/cooknation/pizzagroup/refs/heads/main/pizzagroup_price.pdf
CKNPGRS4;S4;PIZZAGROUP;Accessory - Flame oven - Stand;Stainless steel stand for FLAME ovens, with bottom shelf.;Stainless steel stand for FLAME ovens, with bottom shelf.;;;;;;;34.0;kg;610.0;;EUR;;;Cooking>Oven>Pizza;Pizzagroup, Pizzeria, Pizza, Oven;;;;simple;;;;;;;;;;;;;;active;https://raw.githubusercontent.com/cooknation/pizzagroup/refs/heads/main/pizzagroup_video_S4.mp4;https://raw.githubusercontent.com/cooknation/pizzagroup/refs/heads/main/pizzagroup_image_S4.jpg;https://raw.githubusercontent.com/cooknation/pizzagroup/refs/heads/main/pizzagroup_image_2_S4.jpg;https://raw.githubusercontent.com/cooknation/pizzagroup/refs/heads/main/pizzagroup_image_3_S4.jpg;https://raw.githubusercontent.com/cooknation/pizzagroup/refs/heads/main/pizzagroup_datasheet_S4.pdf;https://raw.githubusercontent.com/cooknation/pizzagroup/refs/heads/main/pizzagroup_manual_S4.pdf;https://raw.githubusercontent.com/cooknation/pizzagroup/refs/heads/main/pizzagroup_technicalmanual_S4.pdf;https://raw.githubusercontent.com/cooknation/pizzagroup/refs/heads/main/pizzagroup_drawing_S4.pdf;https://raw.githubusercontent.com/cooknation/pizzagroup/refs/heads/main/pizzagroup_catalogue_S4.pdf;https://raw.githubusercontent.com/cooknation/pizzagroup/refs/heads/main/pizzagroup_photo_S4.jpg;https://raw.githubusercontent.com/cooknation/pizzagroup/refs/heads/main/pizzagroup_card_S4.pdf;https://raw.githubusercontent.com/cooknation/pizzagroup/refs/heads/main/pizzagroup_brandcatalogue.pdf;https://raw.githubusercontent.com/cooknation/pizzagroup/refs/heads/main/pizzagroup_price.pdf
CKNPGRS4;S4;PIZZAGROUP;Accessory - Pyralis oven - Stand;Stainless steel stand for Pyralis ovens.;Stainless steel stand for Pyralis ovens.;;;;;;;76.0;kg;658.0;;EUR;;;Cooking>Oven>Pizza;Pizzagroup, Pizzeria, Pizza, Oven;;;;simple;;;;;;;;;;;;;;active;https://www.youtube.com/watch?v=Du_vDF5oEqI;https://raw.githubusercontent.com/cooknation/pizzagroup/refs/heads/main/pizzagroup_image_S4.jpg;https://raw.githubusercontent.com/cooknation/pizzagroup/refs/heads/main/pizzagroup_image_2_S4.jpg;https://raw.githubusercontent.com/cooknation/pizzagroup/refs/heads/main/pizzagroup_image_3_S4.jpg;https://raw.githubusercontent.com/cooknation/pizzagroup/refs/heads/main/pizzagroup_datasheet_S4.pdf;https://raw.githubusercontent.com/cooknation/pizzagroup/refs/heads/main/pizzagroup_manual_S4.pdf;https://raw.githubusercontent.com/cooknation/pizzagroup/refs/heads/main/pizzagroup_technicalmanual_S4.pdf;https://raw.githubusercontent.com/cooknation/pizzagroup/refs/heads/main/pizzagroup_drawing_S4.pdf;https://raw.githubusercontent.com/cooknation/pizzagroup/refs/heads/main/pizzagroup_catalogue_S4.pdf;https://raw.githubusercontent.com/cooknation/pizzagroup/refs/heads/main/pizzagroup_photo_S4.jpg;https://raw.githubusercontent.com/cooknation/pizzagroup/refs/heads/main/pizzagroup_card_S4.pdf;https://raw.githubusercontent.com/cooknation/pizzagroup/refs/heads/main/pizzagroup_brandcatalogue.pdf;https://raw.githubusercontent.com/cooknation/pizzagroup/refs/heads/main/pizzagroup_price.pdf
CKNPGRS4;S4;PIZZAGROUP;Accessory - Pyralis oven - Stand;Stainless steel stand for Pyralis ovens.;Stainless steel stand for Pyralis ovens.;;;;;;;76.0;kg;658.0;;EUR;;;Cooking>Oven>Pizza;Pizzagroup, Pizzeria, Pizza, Oven;;;;simple;;;;;;;;;;;;;;active;https://www.youtube.com/watch?v=Du_vDF5oEqI;https://raw.githubusercontent.com/cooknation/pizzagroup/refs/heads/main/pizzagroup_image_S4.jpg;https://raw.githubusercontent.com/cooknation/pizzagroup/refs/heads/main/pizzagroup_image_2_S4.jpg;https://raw.githubusercontent.com/cooknation/pizzagroup/refs/heads/main/pizzagroup_image_3_S4.jpg;https://raw.githubusercontent.com/cooknation/pizzagroup/refs/heads/main/pizzagroup_datasheet_S4.pdf;https://raw.githubusercontent.com/cooknation/pizzagroup/refs/heads/main/pizzagroup_manual_S4.pdf;https://raw.githubusercontent.com/cooknation/pizzagroup/refs/heads/main/pizzagroup_technicalmanual_S4.pdf;https://raw.githubusercontent.com/cooknation/pizzagroup/refs/heads/main/pizzagroup_drawing_S4.pdf;https://raw.githubusercontent.com/cooknation/pizzagroup/refs/heads/main/pizzagroup_catalogue_S4.pdf;https://raw.githubusercontent.com/cooknation/pizzagroup/refs/heads/main/pizzagroup_photo_S4.jpg;https://raw.githubusercontent.com/cooknation/pizzagroup/refs/heads/main/pizzagroup_card_S4.pdf;https://raw.githubusercontent.com/cooknation/pizzagroup/refs/heads/main/pizzagroup_brandcatalogue.pdf;https://raw.githubusercontent.com/cooknation/pizzagroup/refs/heads/main/pizzagroup_price.pdf
CKNPGRS4+4;S4+4;PIZZAGROUP;Accessory - Flame oven - Stand;Stainless steel stand for FLAME ovens, with bottom shelf.;Stainless steel stand for FLAME ovens, with bottom shelf.;;;;;;;32.0;kg;571.0;;EUR;;;Cooking>Oven>Pizza;Pizzagroup, Pizzeria, Pizza, Oven;;;;simple;;;;;;;;;;;;;;active;https://raw.githubusercontent.com/cooknation/pizzagroup/refs/heads/main/pizzagroup_video_S4+4.mp4;https://raw.githubusercontent.com/cooknation/pizzagroup/refs/heads/main/pizzagroup_image_S4+4.jpg;https://raw.githubusercontent.com/cooknation/pizzagroup/refs/heads/main/pizzagroup_image_2_S4+4.jpg;https://raw.githubusercontent.com/cooknation/pizzagroup/refs/heads/main/pizzagroup_image_3_S4+4.jpg;https://raw.githubusercontent.com/cooknation/pizzagroup/refs/heads/main/pizzagroup_datasheet_S4+4.pdf;https://raw.githubusercontent.com/cooknation/pizzagroup/refs/heads/main/pizzagroup_manual_S4+4.pdf;https://raw.githubusercontent.com/cooknation/pizzagroup/refs/heads/main/pizzagroup_technicalmanual_S4+4.pdf;https://raw.githubusercontent.com/cooknation/pizzagroup/refs/heads/main/pizzagroup_drawing_S4+4.pdf;https://raw.githubusercontent.com/cooknation/pizzagroup/refs/heads/main/pizzagroup_catalogue_S4+4.pdf;https://raw.githubusercontent.com/cooknation/pizzagroup/refs/heads/main/pizzagroup_photo_S4+4.jpg;https://raw.githubusercontent.com/cooknation/pizzagroup/refs/heads/main/pizzagroup_card_S4+4.pdf;https://raw.githubusercontent.com/cooknation/pizzagroup/refs/heads/main/pizzagroup_brandcatalogue.pdf;https://raw.githubusercontent.com/cooknation/pizzagroup/refs/heads/main/pizzagroup_price.pdf
CKNPGRS6;S6;PIZZAGROUP;Accessory - Flame oven - Stand;Stainless steel stand for FLAME ovens, with bottom shelf.;Stainless steel stand for FLAME ovens, with bottom shelf.;;;;;;;40.0;kg;665.0;;EUR;;;Cooking>Oven>Pizza;Pizzagroup, Pizzeria, Pizza, Oven;;;;simple;;;;;;;;;;;;;;active;https://raw.githubusercontent.com/cooknation/pizzagroup/refs/heads/main/pizzagroup_video_S6.mp4;https://raw.githubusercontent.com/cooknation/pizzagroup/refs/heads/main/pizzagroup_image_S6.jpg;https://raw.githubusercontent.com/cooknation/pizzagroup/refs/heads/main/pizzagroup_image_2_S6.jpg;https://raw.githubusercontent.com/cooknation/pizzagroup/refs/heads/main/pizzagroup_image_3_S6.jpg;https://raw.githubusercontent.com/cooknation/pizzagroup/refs/heads/main/pizzagroup_datasheet_S6.pdf;https://raw.githubusercontent.com/cooknation/pizzagroup/refs/heads/main/pizzagroup_manual_S6.pdf;https://raw.githubusercontent.com/cooknation/pizzagroup/refs/heads/main/pizzagroup_technicalmanual_S6.pdf;https://raw.githubusercontent.com/cooknation/pizzagroup/refs/heads/main/pizzagroup_drawing_S6.pdf;https://raw.githubusercontent.com/cooknation/pizzagroup/refs/heads/main/pizzagroup_catalogue_S6.pdf;https://raw.githubusercontent.com/cooknation/pizzagroup/refs/heads/main/pizzagroup_photo_S6.jpg;https://raw.githubusercontent.com/cooknation/pizzagroup/refs/heads/main/pizzagroup_card_S6.pdf;https://raw.githubusercontent.com/cooknation/pizzagroup/refs/heads/main/pizzagroup_brandcatalogue.pdf;https://raw.githubusercontent.com/cooknation/pizzagroup/refs/heads/main/pizzagroup_price.pdf
CKNPGRS6;S6;PIZZAGROUP;Accessory - Pyralis oven - Stand;Stainless steel stand for Pyralis ovens.;Stainless steel stand for Pyralis ovens.;;;;;;;76.0;kg;717.0;;EUR;;;Cooking>Oven>Pizza;Pizzagroup, Pizzeria, Pizza, Oven;;;;simple;;;;;;;;;;;;;;active;https://www.youtube.com/watch?v=Du_vDF5oEqI;https://raw.githubusercontent.com/cooknation/pizzagroup/refs/heads/main/pizzagroup_image_S6.jpg;https://raw.githubusercontent.com/cooknation/pizzagroup/refs/heads/main/pizzagroup_image_2_S6.jpg;https://raw.githubusercontent.com/cooknation/pizzagroup/refs/heads/main/pizzagroup_image_3_S6.jpg;https://raw.githubusercontent.com/cooknation/pizzagroup/refs/heads/main/pizzagroup_datasheet_S6.pdf;https://raw.githubusercontent.com/cooknation/pizzagroup/refs/heads/main/pizzagroup_manual_S6.pdf;https://raw.githubusercontent.com/cooknation/pizzagroup/refs/heads/main/pizzagroup_technicalmanual_S6.pdf;https://raw.githubusercontent.com/cooknation/pizzagroup/refs/heads/main/pizzagroup_drawing_S6.pdf;https://raw.githubusercontent.com/cooknation/pizzagroup/refs/heads/main/pizzagroup_catalogue_S6.pdf;https://raw.githubusercontent.com/cooknation/pizzagroup/refs/heads/main/pizzagroup_photo_S6.jpg;https://raw.githubusercontent.com/cooknation/pizzagroup/refs/heads/main/pizzagroup_card_S6.pdf;https://raw.githubusercontent.com/cooknation/pizzagroup/refs/heads/main/pizzagroup_brandcatalogue.pdf;https://raw.githubusercontent.com/cooknation/pizzagroup/refs/heads/main/pizzagroup_price.pdf
CKNPGRS6;S6;PIZZAGROUP;Accessory - Pyralis oven - Stand;Stainless steel stand for Pyralis ovens.;Stainless steel stand for Pyralis ovens.;;;;;;;76.0;kg;717.0;;EUR;;;Cooking>Oven>Pizza;Pizzagroup, Pizzeria, Pizza, Oven;;;;simple;;;;;;;;;;;;;;active;https://www.youtube.com/watch?v=Du_vDF5oEqI;https://raw.githubusercontent.com/cooknation/pizzagroup/refs/heads/main/pizzagroup_image_S6.jpg;https://raw.githubusercontent.com/cooknation/pizzagroup/refs/heads/main/pizzagroup_image_2_S6.jpg;https://raw.githubusercontent.com/cooknation/pizzagroup/refs/heads/main/pizzagroup_image_3_S6.jpg;https://raw.githubusercontent.com/cooknation/pizzagroup/refs/heads/main/pizzagroup_datasheet_S6.pdf;https://raw.githubusercontent.com/cooknation/pizzagroup/refs/heads/main/pizzagroup_manual_S6.pdf;https://raw.githubusercontent.com/cooknation/pizzagroup/refs/heads/main/pizzagroup_technicalmanual_S6.pdf;https://raw.githubusercontent.com/cooknation/pizzagroup/refs/heads/main/pizzagroup_drawing_S6.pdf;https://raw.githubusercontent.com/cooknation/pizzagroup/refs/heads/main/pizzagroup_catalogue_S6.pdf;https://raw.githubusercontent.com/cooknation/pizzagroup/refs/heads/main/pizzagroup_photo_S6.jpg;https://raw.githubusercontent.com/cooknation/pizzagroup/refs/heads/main/pizzagroup_card_S6.pdf;https://raw.githubusercontent.com/cooknation/pizzagroup/refs/heads/main/pizzagroup_brandcatalogue.pdf;https://raw.githubusercontent.com/cooknation/pizzagroup/refs/heads/main/pizzagroup_price.pdf
CKNPGRS6+6;S6+6;PIZZAGROUP;Accessory - Flame oven - Stand;Stainless steel stand for FLAME ovens, with bottom shelf.;Stainless steel stand for FLAME ovens, with bottom shelf.;;;;;;;38.0;kg;639.0;;EUR;;;Cooking>Oven>Pizza;Pizzagroup, Pizzeria, Pizza, Oven;;;;simple;;;;;;;;;;;;;;active;https://raw.githubusercontent.com/cooknation/pizzagroup/refs/heads/main/pizzagroup_video_S6+6.mp4;https://raw.githubusercontent.com/cooknation/pizzagroup/refs/heads/main/pizzagroup_image_S6+6.jpg;https://raw.githubusercontent.com/cooknation/pizzagroup/refs/heads/main/pizzagroup_image_2_S6+6.jpg;https://raw.githubusercontent.com/cooknation/pizzagroup/refs/heads/main/pizzagroup_image_3_S6+6.jpg;https://raw.githubusercontent.com/cooknation/pizzagroup/refs/heads/main/pizzagroup_datasheet_S6+6.pdf;https://raw.githubusercontent.com/cooknation/pizzagroup/refs/heads/main/pizzagroup_manual_S6+6.pdf;https://raw.githubusercontent.com/cooknation/pizzagroup/refs/heads/main/pizzagroup_technicalmanual_S6+6.pdf;https://raw.githubusercontent.com/cooknation/pizzagroup/refs/heads/main/pizzagroup_drawing_S6+6.pdf;https://raw.githubusercontent.com/cooknation/pizzagroup/refs/heads/main/pizzagroup_catalogue_S6+6.pdf;https://raw.githubusercontent.com/cooknation/pizzagroup/refs/heads/main/pizzagroup_photo_S6+6.jpg;https://raw.githubusercontent.com/cooknation/pizzagroup/refs/heads/main/pizzagroup_card_S6+6.pdf;https://raw.githubusercontent.com/cooknation/pizzagroup/refs/heads/main/pizzagroup_brandcatalogue.pdf;https://raw.githubusercontent.com/cooknation/pizzagroup/refs/heads/main/pizzagroup_price.pdf
CKNPGRS6L;S6L;PIZZAGROUP;Accessory - Flame oven - Stand;Stainless steel stand for FLAME ovens, with bottom shelf.;Stainless steel stand for FLAME ovens, with bottom shelf.;;;;;;;40.0;kg;634.0;;EUR;;;Cooking>Oven>Pizza;Pizzagroup, Pizzeria, Pizza, Oven;;;;simple;;;;;;;;;;;;;;active;https://raw.githubusercontent.com/cooknation/pizzagroup/refs/heads/main/pizzagroup_video_S6L.mp4;https://raw.githubusercontent.com/cooknation/pizzagroup/refs/heads/main/pizzagroup_image_S6L.jpg;https://raw.githubusercontent.com/cooknation/pizzagroup/refs/heads/main/pizzagroup_image_2_S6L.jpg;https://raw.githubusercontent.com/cooknation/pizzagroup/refs/heads/main/pizzagroup_image_3_S6L.jpg;https://raw.githubusercontent.com/cooknation/pizzagroup/refs/heads/main/pizzagroup_datasheet_S6L.pdf;https://raw.githubusercontent.com/cooknation/pizzagroup/refs/heads/main/pizzagroup_manual_S6L.pdf;https://raw.githubusercontent.com/cooknation/pizzagroup/refs/heads/main/pizzagroup_technicalmanual_S6L.pdf;https://raw.githubusercontent.com/cooknation/pizzagroup/refs/heads/main/pizzagroup_drawing_S6L.pdf;https://raw.githubusercontent.com/cooknation/pizzagroup/refs/heads/main/pizzagroup_catalogue_S6L.pdf;https://raw.githubusercontent.com/cooknation/pizzagroup/refs/heads/main/pizzagroup_photo_S6L.jpg;https://raw.githubusercontent.com/cooknation/pizzagroup/refs/heads/main/pizzagroup_card_S6L.pdf;https://raw.githubusercontent.com/cooknation/pizzagroup/refs/heads/main/pizzagroup_brandcatalogue.pdf;https://raw.githubusercontent.com/cooknation/pizzagroup/refs/heads/main/pizzagroup_price.pdf
CKNPGRS6L;S6L;PIZZAGROUP;Accessory - Pyralis oven - Stand;Stainless steel stand for Pyralis ovens.;Stainless steel stand for Pyralis ovens.;;;;;;;76.0;kg;717.0;;EUR;;;Cooking>Oven>Pizza;Pizzagroup, Pizzeria, Pizza, Oven;;;;simple;;;;;;;;;;;;;;active;https://www.youtube.com/watch?v=Du_vDF5oEqI;https://raw.githubusercontent.com/cooknation/pizzagroup/refs/heads/main/pizzagroup_image_S6L.jpg;https://raw.githubusercontent.com/cooknation/pizzagroup/refs/heads/main/pizzagroup_image_2_S6L.jpg;https://raw.githubusercontent.com/cooknation/pizzagroup/refs/heads/main/pizzagroup_image_3_S6L.jpg;https://raw.githubusercontent.com/cooknation/pizzagroup/refs/heads/main/pizzagroup_datasheet_S6L.pdf;https://raw.githubusercontent.com/cooknation/pizzagroup/refs/heads/main/pizzagroup_manual_S6L.pdf;https://raw.githubusercontent.com/cooknation/pizzagroup/refs/heads/main/pizzagroup_technicalmanual_S6L.pdf;https://raw.githubusercontent.com/cooknation/pizzagroup/refs/heads/main/pizzagroup_drawing_S6L.pdf;https://raw.githubusercontent.com/cooknation/pizzagroup/refs/heads/main/pizzagroup_catalogue_S6L.pdf;https://raw.githubusercontent.com/cooknation/pizzagroup/refs/heads/main/pizzagroup_photo_S6L.jpg;https://raw.githubusercontent.com/cooknation/pizzagroup/refs/heads/main/pizzagroup_card_S6L.pdf;https://raw.githubusercontent.com/cooknation/pizzagroup/refs/heads/main/pizzagroup_brandcatalogue.pdf;https://raw.githubusercontent.com/cooknation/pizzagroup/refs/heads/main/pizzagroup_price.pdf
CKNPGRS6L;S6L;PIZZAGROUP;Accessory - Pyralis oven - Stand;Stainless steel stand for Pyralis ovens.;Stainless steel stand for Pyralis ovens.;;;;;;;76.0;kg;717.0;;EUR;;;Cooking>Oven>Pizza;Pizzagroup, Pizzeria, Pizza, Oven;;;;simple;;;;;;;;;;;;;;active;https://www.youtube.com/watch?v=Du_vDF5oEqI;https://raw.githubusercontent.com/cooknation/pizzagroup/refs/heads/main/pizzagroup_image_S6L.jpg;https://raw.githubusercontent.com/cooknation/pizzagroup/refs/heads/main/pizzagroup_image_2_S6L.jpg;https://raw.githubusercontent.com/cooknation/pizzagroup/refs/heads/main/pizzagroup_image_3_S6L.jpg;https://raw.githubusercontent.com/cooknation/pizzagroup/refs/heads/main/pizzagroup_datasheet_S6L.pdf;https://raw.githubusercontent.com/cooknation/pizzagroup/refs/heads/main/pizzagroup_manual_S6L.pdf;https://raw.githubusercontent.com/cooknation/pizzagroup/refs/heads/main/pizzagroup_technicalmanual_S6L.pdf;https://raw.githubusercontent.com/cooknation/pizzagroup/refs/heads/main/pizzagroup_drawing_S6L.pdf;https://raw.githubusercontent.com/cooknation/pizzagroup/refs/heads/main/pizzagroup_catalogue_S6L.pdf;https://raw.githubusercontent.com/cooknation/pizzagroup/refs/heads/main/pizzagroup_photo_S6L.jpg;https://raw.githubusercontent.com/cooknation/pizzagroup/refs/heads/main/pizzagroup_card_S6L.pdf;https://raw.githubusercontent.com/cooknation/pizzagroup/refs/heads/main/pizzagroup_brandcatalogue.pdf;https://raw.githubusercontent.com/cooknation/pizzagroup/refs/heads/main/pizzagroup_price.pdf
CKNPGRS6L+6L;S6L+6L;PIZZAGROUP;Accessory - Flame oven - Stand;Stainless steel stand for FLAME ovens, with bottom shelf.;Stainless steel stand for FLAME ovens, with bottom shelf.;;;;;;;38.0;kg;624.0;;EUR;;;Cooking>Oven>Pizza;Pizzagroup, Pizzeria, Pizza, Oven;;;;simple;;;;;;;;;;;;;;active;https://raw.githubusercontent.com/cooknation/pizzagroup/refs/heads/main/pizzagroup_video_S6L+6L.mp4;https://raw.githubusercontent.com/cooknation/pizzagroup/refs/heads/main/pizzagroup_image_S6L+6L.jpg;https://raw.githubusercontent.com/cooknation/pizzagroup/refs/heads/main/pizzagroup_image_2_S6L+6L.jpg;https://raw.githubusercontent.com/cooknation/pizzagroup/refs/heads/main/pizzagroup_image_3_S6L+6L.jpg;https://raw.githubusercontent.com/cooknation/pizzagroup/refs/heads/main/pizzagroup_datasheet_S6L+6L.pdf;https://raw.githubusercontent.com/cooknation/pizzagroup/refs/heads/main/pizzagroup_manual_S6L+6L.pdf;https://raw.githubusercontent.com/cooknation/pizzagroup/refs/heads/main/pizzagroup_technicalmanual_S6L+6L.pdf;https://raw.githubusercontent.com/cooknation/pizzagroup/refs/heads/main/pizzagroup_drawing_S6L+6L.pdf;https://raw.githubusercontent.com/cooknation/pizzagroup/refs/heads/main/pizzagroup_catalogue_S6L+6L.pdf;https://raw.githubusercontent.com/cooknation/pizzagroup/refs/heads/main/pizzagroup_photo_S6L+6L.jpg;https://raw.githubusercontent.com/cooknation/pizzagroup/refs/heads/main/pizzagroup_card_S6L+6L.pdf;https://raw.githubusercontent.com/cooknation/pizzagroup/refs/heads/main/pizzagroup_brandcatalogue.pdf;https://raw.githubusercontent.com/cooknation/pizzagroup/refs/heads/main/pizzagroup_price.pdf
CKNPGRS8;S8;PIZZAGROUP;Accessory - Pyralis oven - Stand;Stainless steel stand for Pyralis ovens.;Stainless steel stand for Pyralis ovens.;;;;;;;60.0;kg;616.0;;EUR;;;Cooking>Oven>Pizza;Pizzagroup, Pizzeria, Pizza, Oven;;;;simple;;;;;;;;;;;;;;active;https://www.youtube.com/watch?v=Du_vDF5oEqI;https://raw.githubusercontent.com/cooknation/pizzagroup/refs/heads/main/pizzagroup_image_S8.jpg;https://raw.githubusercontent.com/cooknation/pizzagroup/refs/heads/main/pizzagroup_image_2_S8.jpg;https://raw.githubusercontent.com/cooknation/pizzagroup/refs/heads/main/pizzagroup_image_3_S8.jpg;https://raw.githubusercontent.com/cooknation/pizzagroup/refs/heads/main/pizzagroup_datasheet_S8.pdf;https://raw.githubusercontent.com/cooknation/pizzagroup/refs/heads/main/pizzagroup_manual_S8.pdf;https://raw.githubusercontent.com/cooknation/pizzagroup/refs/heads/main/pizzagroup_technicalmanual_S8.pdf;https://raw.githubusercontent.com/cooknation/pizzagroup/refs/heads/main/pizzagroup_drawing_S8.pdf;https://raw.githubusercontent.com/cooknation/pizzagroup/refs/heads/main/pizzagroup_catalogue_S8.pdf;https://raw.githubusercontent.com/cooknation/pizzagroup/refs/heads/main/pizzagroup_photo_S8.jpg;https://raw.githubusercontent.com/cooknation/pizzagroup/refs/heads/main/pizzagroup_card_S8.pdf;https://raw.githubusercontent.com/cooknation/pizzagroup/refs/heads/main/pizzagroup_brandcatalogue.pdf;https://raw.githubusercontent.com/cooknation/pizzagroup/refs/heads/main/pizzagroup_price.pdf
CKNPGRS8;S8;PIZZAGROUP;Accessory - Pyralis oven - Stand;Stainless steel stand for Pyralis ovens.;Stainless steel stand for Pyralis ovens.;;;;;;;60.0;kg;616.0;;EUR;;;Cooking>Oven>Pizza;Pizzagroup, Pizzeria, Pizza, Oven;;;;simple;;;;;;;;;;;;;;active;https://www.youtube.com/watch?v=Du_vDF5oEqI;https://raw.githubusercontent.com/cooknation/pizzagroup/refs/heads/main/pizzagroup_image_S8.jpg;https://raw.githubusercontent.com/cooknation/pizzagroup/refs/heads/main/pizzagroup_image_2_S8.jpg;https://raw.githubusercontent.com/cooknation/pizzagroup/refs/heads/main/pizzagroup_image_3_S8.jpg;https://raw.githubusercontent.com/cooknation/pizzagroup/refs/heads/main/pizzagroup_datasheet_S8.pdf;https://raw.githubusercontent.com/cooknation/pizzagroup/refs/heads/main/pizzagroup_manual_S8.pdf;https://raw.githubusercontent.com/cooknation/pizzagroup/refs/heads/main/pizzagroup_technicalmanual_S8.pdf;https://raw.githubusercontent.com/cooknation/pizzagroup/refs/heads/main/pizzagroup_drawing_S8.pdf;https://raw.githubusercontent.com/cooknation/pizzagroup/refs/heads/main/pizzagroup_catalogue_S8.pdf;https://raw.githubusercontent.com/cooknation/pizzagroup/refs/heads/main/pizzagroup_photo_S8.jpg;https://raw.githubusercontent.com/cooknation/pizzagroup/refs/heads/main/pizzagroup_card_S8.pdf;https://raw.githubusercontent.com/cooknation/pizzagroup/refs/heads/main/pizzagroup_brandcatalogue.pdf;https://raw.githubusercontent.com/cooknation/pizzagroup/refs/heads/main/pizzagroup_price.pdf
CKNPGRS9;S9;PIZZAGROUP;Accessory - Flame oven - Stand;Stainless steel stand for FLAME ovens, with bottom shelf.;Stainless steel stand for FLAME ovens, with bottom shelf.;;;;;;;42.0;kg;840.0;;EUR;;;Cooking>Oven>Pizza;Pizzagroup, Pizzeria, Pizza, Oven;;;;simple;;;;;;;;;;;;;;active;https://raw.githubusercontent.com/cooknation/pizzagroup/refs/heads/main/pizzagroup_video_S9.mp4;https://raw.githubusercontent.com/cooknation/pizzagroup/refs/heads/main/pizzagroup_image_S9.jpg;https://raw.githubusercontent.com/cooknation/pizzagroup/refs/heads/main/pizzagroup_image_2_S9.jpg;https://raw.githubusercontent.com/cooknation/pizzagroup/refs/heads/main/pizzagroup_image_3_S9.jpg;https://raw.githubusercontent.com/cooknation/pizzagroup/refs/heads/main/pizzagroup_datasheet_S9.pdf;https://raw.githubusercontent.com/cooknation/pizzagroup/refs/heads/main/pizzagroup_manual_S9.pdf;https://raw.githubusercontent.com/cooknation/pizzagroup/refs/heads/main/pizzagroup_technicalmanual_S9.pdf;https://raw.githubusercontent.com/cooknation/pizzagroup/refs/heads/main/pizzagroup_drawing_S9.pdf;https://raw.githubusercontent.com/cooknation/pizzagroup/refs/heads/main/pizzagroup_catalogue_S9.pdf;https://raw.githubusercontent.com/cooknation/pizzagroup/refs/heads/main/pizzagroup_photo_S9.jpg;https://raw.githubusercontent.com/cooknation/pizzagroup/refs/heads/main/pizzagroup_card_S9.pdf;https://raw.githubusercontent.com/cooknation/pizzagroup/refs/heads/main/pizzagroup_brandcatalogue.pdf;https://raw.githubusercontent.com/cooknation/pizzagroup/refs/heads/main/pizzagroup_price.pdf
CKNPGRS9;S9;PIZZAGROUP;Accessory - Pyralis oven - Stand;Stainless steel stand for Pyralis ovens.;Stainless steel stand for Pyralis ovens.;;;;;;;76.0;kg;777.0;;EUR;;;Cooking>Oven>Pizza;Pizzagroup, Pizzeria, Pizza, Oven;;;;simple;;;;;;;;;;;;;;active;https://www.youtube.com/watch?v=Du_vDF5oEqI;https://raw.githubusercontent.com/cooknation/pizzagroup/refs/heads/main/pizzagroup_image_S9.jpg;https://raw.githubusercontent.com/cooknation/pizzagroup/refs/heads/main/pizzagroup_image_2_S9.jpg;https://raw.githubusercontent.com/cooknation/pizzagroup/refs/heads/main/pizzagroup_image_3_S9.jpg;https://raw.githubusercontent.com/cooknation/pizzagroup/refs/heads/main/pizzagroup_datasheet_S9.pdf;https://raw.githubusercontent.com/cooknation/pizzagroup/refs/heads/main/pizzagroup_manual_S9.pdf;https://raw.githubusercontent.com/cooknation/pizzagroup/refs/heads/main/pizzagroup_technicalmanual_S9.pdf;https://raw.githubusercontent.com/cooknation/pizzagroup/refs/heads/main/pizzagroup_drawing_S9.pdf;https://raw.githubusercontent.com/cooknation/pizzagroup/refs/heads/main/pizzagroup_catalogue_S9.pdf;https://raw.githubusercontent.com/cooknation/pizzagroup/refs/heads/main/pizzagroup_photo_S9.jpg;https://raw.githubusercontent.com/cooknation/pizzagroup/refs/heads/main/pizzagroup_card_S9.pdf;https://raw.githubusercontent.com/cooknation/pizzagroup/refs/heads/main/pizzagroup_brandcatalogue.pdf;https://raw.githubusercontent.com/cooknation/pizzagroup/refs/heads/main/pizzagroup_price.pdf
CKNPGRS9;S9;PIZZAGROUP;Accessory - Pyralis oven - Stand;Stainless steel stand for Pyralis ovens.;Stainless steel stand for Pyralis ovens.;;;;;;;76.0;kg;777.0;;EUR;;;Cooking>Oven>Pizza;Pizzagroup, Pizzeria, Pizza, Oven;;;;simple;;;;;;;;;;;;;;active;https://www.youtube.com/watch?v=Du_vDF5oEqI;https://raw.githubusercontent.com/cooknation/pizzagroup/refs/heads/main/pizzagroup_image_S9.jpg;https://raw.githubusercontent.com/cooknation/pizzagroup/refs/heads/main/pizzagroup_image_2_S9.jpg;https://raw.githubusercontent.com/cooknation/pizzagroup/refs/heads/main/pizzagroup_image_3_S9.jpg;https://raw.githubusercontent.com/cooknation/pizzagroup/refs/heads/main/pizzagroup_datasheet_S9.pdf;https://raw.githubusercontent.com/cooknation/pizzagroup/refs/heads/main/pizzagroup_manual_S9.pdf;https://raw.githubusercontent.com/cooknation/pizzagroup/refs/heads/main/pizzagroup_technicalmanual_S9.pdf;https://raw.githubusercontent.com/cooknation/pizzagroup/refs/heads/main/pizzagroup_drawing_S9.pdf;https://raw.githubusercontent.com/cooknation/pizzagroup/refs/heads/main/pizzagroup_catalogue_S9.pdf;https://raw.githubusercontent.com/cooknation/pizzagroup/refs/heads/main/pizzagroup_photo_S9.jpg;https://raw.githubusercontent.com/cooknation/pizzagroup/refs/heads/main/pizzagroup_card_S9.pdf;https://raw.githubusercontent.com/cooknation/pizzagroup/refs/heads/main/pizzagroup_brandcatalogue.pdf;https://raw.githubusercontent.com/cooknation/pizzagroup/refs/heads/main/pizzagroup_price.pdf
CKNPGRS9+9;S9+9;PIZZAGROUP;Accessory - Flame oven - Stand;Stainless steel stand for FLAME ovens, with bottom shelf.;Stainless steel stand for FLAME ovens, with bottom shelf.;;;;;;;40.0;kg;826.0;;EUR;;;Cooking>Oven>Pizza;Pizzagroup, Pizzeria, Pizza, Oven;;;;simple;;;;;;;;;;;;;;active;https://raw.githubusercontent.com/cooknation/pizzagroup/refs/heads/main/pizzagroup_video_S9+9.mp4;https://raw.githubusercontent.com/cooknation/pizzagroup/refs/heads/main/pizzagroup_image_S9+9.jpg;https://raw.githubusercontent.com/cooknation/pizzagroup/refs/heads/main/pizzagroup_image_2_S9+9.jpg;https://raw.githubusercontent.com/cooknation/pizzagroup/refs/heads/main/pizzagroup_image_3_S9+9.jpg;https://raw.githubusercontent.com/cooknation/pizzagroup/refs/heads/main/pizzagroup_datasheet_S9+9.pdf;https://raw.githubusercontent.com/cooknation/pizzagroup/refs/heads/main/pizzagroup_manual_S9+9.pdf;https://raw.githubusercontent.com/cooknation/pizzagroup/refs/heads/main/pizzagroup_technicalmanual_S9+9.pdf;https://raw.githubusercontent.com/cooknation/pizzagroup/refs/heads/main/pizzagroup_drawing_S9+9.pdf;https://raw.githubusercontent.com/cooknation/pizzagroup/refs/heads/main/pizzagroup_catalogue_S9+9.pdf;https://raw.githubusercontent.com/cooknation/pizzagroup/refs/heads/main/pizzagroup_photo_S9+9.jpg;https://raw.githubusercontent.com/cooknation/pizzagroup/refs/heads/main/pizzagroup_card_S9+9.pdf;https://raw.githubusercontent.com/cooknation/pizzagroup/refs/heads/main/pizzagroup_brandcatalogue.pdf;https://raw.githubusercontent.com/cooknation/pizzagroup/refs/heads/main/pizzagroup_price.pdf
CKNPGRSA300;SA300;PIZZAGROUP;Divider;Automatic dough divider, max 300g portions;The automatic dividers and rounders are a great help for professionals who require precise yet fast support whilst preparing pizza bases. The equipment divides and rounds the dough, before leaving it to prove. The divider is equipped with: a tank which boasts a maximum capacity of 30 kg of dough and 5 bushings, each with a different diameter (from 4 to 6 cm). Set the desired weight and the measured portions will almost immediately begin to take shape. The rounder produces perfectly round balls, thanks to its Teflon-coated aluminium internal spiral. Available in two sizes, depending on your needs: Model SA300 - which allows for portions ranging from 50 to 300 gr. Model SA800 - which in combination with Model AR 800, allows for portions up to a maximum of 900 gr (or 3 portions of 300 gr each).By combining the two pieces of equipment - a divider and a rounder - pizza makers will save a considerable amount of time, whilst also reducing their manual workload. Output 340 pcs/h | Bowl capacity 30 kg | Portion range 50–300 g | Power 0.93 kW | 400V 3+T 50Hz | Dimensions 51x85x52 cm | Net weight 70 kg;51;cm;85;cm;52;cm;70;kg;7630;;EUR;;;Preparation> Portioning and Rounding > Divider;Pizzagroup, Pizzeria, Pizza;;;;simple;;Output/h;340 pcs;Bowl capacity;30 kg;Portion range;50–300 g;Power;0.93 kW;Voltage;400V 3+T 50Hz;;;active;https://www.youtube.com/watch?v=AMXpzsTDc-Y;https://raw.githubusercontent.com/cooknation/pizzagroup/refs/heads/main/pizzagroup_image_SA300.jpg;https://raw.githubusercontent.com/cooknation/pizzagroup/refs/heads/main/pizzagroup_image_2_SA300.jpg;https://raw.githubusercontent.com/cooknation/pizzagroup/refs/heads/main/pizzagroup_image_3_SA300.jpg;https://raw.githubusercontent.com/cooknation/pizzagroup/refs/heads/main/pizzagroup_datasheet_SA300.pdf;https://raw.githubusercontent.com/cooknation/pizzagroup/refs/heads/main/pizzagroup_manual_SA300.pdf;https://raw.githubusercontent.com/cooknation/pizzagroup/refs/heads/main/pizzagroup_technicalmanual_SA300.pdf;https://raw.githubusercontent.com/cooknation/pizzagroup/refs/heads/main/pizzagroup_drawing_SA300.pdf;https://raw.githubusercontent.com/cooknation/pizzagroup/refs/heads/main/pizzagroup_catalogue_SA300.pdf;https://raw.githubusercontent.com/cooknation/pizzagroup/refs/heads/main/pizzagroup_photo_SA300.jpg;https://raw.githubusercontent.com/cooknation/pizzagroup/refs/heads/main/pizzagroup_card_SA300.pdf;https://raw.githubusercontent.com/cooknation/pizzagroup/refs/heads/main/pizzagroup_brandcatalogue.pdf;https://raw.githubusercontent.com/cooknation/pizzagroup/refs/heads/main/pizzagroup_price.pdf
CKNPGRSA800;SA800;PIZZAGROUP;Divider;Automatic dough divider, up to 900g portions;The automatic dividers and rounders are a great help for professionals who require precise yet fast support whilst preparing pizza bases. The equipment divides and rounds the dough, before leaving it to prove. The divider is equipped with: a tank which boasts a maximum capacity of 30 kg of dough and 5 bushings, each with a different diameter (from 4 to 6 cm). Set the desired weight and the measured portions will almost immediately begin to take shape. The rounder produces perfectly round balls, thanks to its Teflon-coated aluminium internal spiral. Available in two sizes, depending on your needs: Model SA300 - which allows for portions ranging from 50 to 300 gr. Model SA800 - which in combination with Model AR 800, allows for portions up to a maximum of 900 gr (or 3 portions of 300 gr each).By combining the two pieces of equipment - a divider and a rounder - pizza makers will save a considerable amount of time, whilst also reducing their manual workload. Output 340 pcs/h | Bowl capacity 30 kg | Portion range up to 3x300 g | Power 0.93 kW | 400V 3+T 50Hz | Dimensions 51x85x65 cm | Net weight 80 kg;51;cm;85;cm;65;cm;80;kg;10665;;EUR;;;Preparation> Portioning and Rounding > Divider;Pizzagroup, Pizzeria, Pizza;;;;simple;;Output/h;340 pcs;Bowl capacity;30 kg;Portion range;up to 3x300 g;Power;0.93 kW;Voltage;400V 3+T 50Hz;;;active;https://www.youtube.com/watch?v=AMXpzsTDc-Y;https://raw.githubusercontent.com/cooknation/pizzagroup/refs/heads/main/pizzagroup_image_SA800.jpg;https://raw.githubusercontent.com/cooknation/pizzagroup/refs/heads/main/pizzagroup_image_2_SA800.jpg;https://raw.githubusercontent.com/cooknation/pizzagroup/refs/heads/main/pizzagroup_image_3_SA800.jpg;https://raw.githubusercontent.com/cooknation/pizzagroup/refs/heads/main/pizzagroup_datasheet_SA800.pdf;https://raw.githubusercontent.com/cooknation/pizzagroup/refs/heads/main/pizzagroup_manual_SA800.pdf;https://raw.githubusercontent.com/cooknation/pizzagroup/refs/heads/main/pizzagroup_technicalmanual_SA800.pdf;https://raw.githubusercontent.com/cooknation/pizzagroup/refs/heads/main/pizzagroup_drawing_SA800.pdf;https://raw.githubusercontent.com/cooknation/pizzagroup/refs/heads/main/pizzagroup_catalogue_SA800.pdf;https://raw.githubusercontent.com/cooknation/pizzagroup/refs/heads/main/pizzagroup_photo_SA800.jpg;https://raw.githubusercontent.com/cooknation/pizzagroup/refs/heads/main/pizzagroup_card_SA800.pdf;https://raw.githubusercontent.com/cooknation/pizzagroup/refs/heads/main/pizzagroup_brandcatalogue.pdf;https://raw.githubusercontent.com/cooknation/pizzagroup/refs/heads/main/pizzagroup_price.pdf
CKNPGRSOLUTION1;SOLUTION1;PIZZAGROUP;Accessory - Flame oven - Installation kit;Installation kit for FLAME ovens (chimney/hood connection).;Installation kit for FLAME ovens (chimney/hood connection).;;;;;;;;;384.0;;EUR;;;Cooking>Oven>Pizza;Pizzagroup, Pizzeria, Pizza, Oven;;;;simple;;;;;;;;;;;;;;active;https://raw.githubusercontent.com/cooknation/pizzagroup/refs/heads/main/pizzagroup_video_SOLUTION1.mp4;https://raw.githubusercontent.com/cooknation/pizzagroup/refs/heads/main/pizzagroup_image_SOLUTION1.jpg;https://raw.githubusercontent.com/cooknation/pizzagroup/refs/heads/main/pizzagroup_image_2_SOLUTION1.jpg;https://raw.githubusercontent.com/cooknation/pizzagroup/refs/heads/main/pizzagroup_image_3_SOLUTION1.jpg;https://raw.githubusercontent.com/cooknation/pizzagroup/refs/heads/main/pizzagroup_datasheet_SOLUTION1.pdf;https://raw.githubusercontent.com/cooknation/pizzagroup/refs/heads/main/pizzagroup_manual_SOLUTION1.pdf;https://raw.githubusercontent.com/cooknation/pizzagroup/refs/heads/main/pizzagroup_technicalmanual_SOLUTION1.pdf;https://raw.githubusercontent.com/cooknation/pizzagroup/refs/heads/main/pizzagroup_drawing_SOLUTION1.pdf;https://raw.githubusercontent.com/cooknation/pizzagroup/refs/heads/main/pizzagroup_catalogue_SOLUTION1.pdf;https://raw.githubusercontent.com/cooknation/pizzagroup/refs/heads/main/pizzagroup_photo_SOLUTION1.jpg;https://raw.githubusercontent.com/cooknation/pizzagroup/refs/heads/main/pizzagroup_card_SOLUTION1.pdf;https://raw.githubusercontent.com/cooknation/pizzagroup/refs/heads/main/pizzagroup_brandcatalogue.pdf;https://raw.githubusercontent.com/cooknation/pizzagroup/refs/heads/main/pizzagroup_price.pdf
CKNPGRSOLUTION2;SOLUTION2;PIZZAGROUP;Accessory - Flame oven - Installation kit;Installation kit for FLAME ovens (chimney/hood connection).;Installation kit for FLAME ovens (chimney/hood connection).;;;;;;;;;157.0;;EUR;;;Cooking>Oven>Pizza;Pizzagroup, Pizzeria, Pizza, Oven;;;;simple;;;;;;;;;;;;;;active;https://raw.githubusercontent.com/cooknation/pizzagroup/refs/heads/main/pizzagroup_video_SOLUTION2.mp4;https://raw.githubusercontent.com/cooknation/pizzagroup/refs/heads/main/pizzagroup_image_SOLUTION2.jpg;https://raw.githubusercontent.com/cooknation/pizzagroup/refs/heads/main/pizzagroup_image_2_SOLUTION2.jpg;https://raw.githubusercontent.com/cooknation/pizzagroup/refs/heads/main/pizzagroup_image_3_SOLUTION2.jpg;https://raw.githubusercontent.com/cooknation/pizzagroup/refs/heads/main/pizzagroup_datasheet_SOLUTION2.pdf;https://raw.githubusercontent.com/cooknation/pizzagroup/refs/heads/main/pizzagroup_manual_SOLUTION2.pdf;https://raw.githubusercontent.com/cooknation/pizzagroup/refs/heads/main/pizzagroup_technicalmanual_SOLUTION2.pdf;https://raw.githubusercontent.com/cooknation/pizzagroup/refs/heads/main/pizzagroup_drawing_SOLUTION2.pdf;https://raw.githubusercontent.com/cooknation/pizzagroup/refs/heads/main/pizzagroup_catalogue_SOLUTION2.pdf;https://raw.githubusercontent.com/cooknation/pizzagroup/refs/heads/main/pizzagroup_photo_SOLUTION2.jpg;https://raw.githubusercontent.com/cooknation/pizzagroup/refs/heads/main/pizzagroup_card_SOLUTION2.pdf;https://raw.githubusercontent.com/cooknation/pizzagroup/refs/heads/main/pizzagroup_brandcatalogue.pdf;https://raw.githubusercontent.com/cooknation/pizzagroup/refs/heads/main/pizzagroup_price.pdf
CKNPGRSOLUTION3;SOLUTION3;PIZZAGROUP;Accessory - Flame oven - Installation kit;Installation kit for FLAME ovens (chimney/hood connection).;Installation kit for FLAME ovens (chimney/hood connection).;;;;;;;;;437.0;;EUR;;;Cooking>Oven>Pizza;Pizzagroup, Pizzeria, Pizza, Oven;;;;simple;;;;;;;;;;;;;;active;https://raw.githubusercontent.com/cooknation/pizzagroup/refs/heads/main/pizzagroup_video_SOLUTION3.mp4;https://raw.githubusercontent.com/cooknation/pizzagroup/refs/heads/main/pizzagroup_image_SOLUTION3.jpg;https://raw.githubusercontent.com/cooknation/pizzagroup/refs/heads/main/pizzagroup_image_2_SOLUTION3.jpg;https://raw.githubusercontent.com/cooknation/pizzagroup/refs/heads/main/pizzagroup_image_3_SOLUTION3.jpg;https://raw.githubusercontent.com/cooknation/pizzagroup/refs/heads/main/pizzagroup_datasheet_SOLUTION3.pdf;https://raw.githubusercontent.com/cooknation/pizzagroup/refs/heads/main/pizzagroup_manual_SOLUTION3.pdf;https://raw.githubusercontent.com/cooknation/pizzagroup/refs/heads/main/pizzagroup_technicalmanual_SOLUTION3.pdf;https://raw.githubusercontent.com/cooknation/pizzagroup/refs/heads/main/pizzagroup_drawing_SOLUTION3.pdf;https://raw.githubusercontent.com/cooknation/pizzagroup/refs/heads/main/pizzagroup_catalogue_SOLUTION3.pdf;https://raw.githubusercontent.com/cooknation/pizzagroup/refs/heads/main/pizzagroup_photo_SOLUTION3.jpg;https://raw.githubusercontent.com/cooknation/pizzagroup/refs/heads/main/pizzagroup_card_SOLUTION3.pdf;https://raw.githubusercontent.com/cooknation/pizzagroup/refs/heads/main/pizzagroup_brandcatalogue.pdf;https://raw.githubusercontent.com/cooknation/pizzagroup/refs/heads/main/pizzagroup_price.pdf
CKNPGRSOLUTION4;SOLUTION4;PIZZAGROUP;Accessory - Flame oven - Installation kit;Installation kit for FLAME ovens (chimney/hood connection).;Installation kit for FLAME ovens (chimney/hood connection).;;;;;;;;;165.0;;EUR;;;Cooking>Oven>Pizza;Pizzagroup, Pizzeria, Pizza, Oven;;;;simple;;;;;;;;;;;;;;active;https://raw.githubusercontent.com/cooknation/pizzagroup/refs/heads/main/pizzagroup_video_SOLUTION4.mp4;https://raw.githubusercontent.com/cooknation/pizzagroup/refs/heads/main/pizzagroup_image_SOLUTION4.jpg;https://raw.githubusercontent.com/cooknation/pizzagroup/refs/heads/main/pizzagroup_image_2_SOLUTION4.jpg;https://raw.githubusercontent.com/cooknation/pizzagroup/refs/heads/main/pizzagroup_image_3_SOLUTION4.jpg;https://raw.githubusercontent.com/cooknation/pizzagroup/refs/heads/main/pizzagroup_datasheet_SOLUTION4.pdf;https://raw.githubusercontent.com/cooknation/pizzagroup/refs/heads/main/pizzagroup_manual_SOLUTION4.pdf;https://raw.githubusercontent.com/cooknation/pizzagroup/refs/heads/main/pizzagroup_technicalmanual_SOLUTION4.pdf;https://raw.githubusercontent.com/cooknation/pizzagroup/refs/heads/main/pizzagroup_drawing_SOLUTION4.pdf;https://raw.githubusercontent.com/cooknation/pizzagroup/refs/heads/main/pizzagroup_catalogue_SOLUTION4.pdf;https://raw.githubusercontent.com/cooknation/pizzagroup/refs/heads/main/pizzagroup_photo_SOLUTION4.jpg;https://raw.githubusercontent.com/cooknation/pizzagroup/refs/heads/main/pizzagroup_card_SOLUTION4.pdf;https://raw.githubusercontent.com/cooknation/pizzagroup/refs/heads/main/pizzagroup_brandcatalogue.pdf;https://raw.githubusercontent.com/cooknation/pizzagroup/refs/heads/main/pizzagroup_price.pdf
CKNPGRSPFA;SPFA;PIZZAGROUP;Accessory - Pizza press - stand;Stainless steel stand for pizza press (with feet / with wheels);"Stand dimensions with feet 62x66x73 cm; with wheels 62x66x84 cm | Net weight 14 kg";62;cm;66;cm;84;cm;14;kg;711;;EUR;;;Preparation> Press and Shaping;Pizzagroup, Pizzeria, Pizza;;;;simple;;;;;;;;;;;;;;active;https://www.youtube.com/watch?v=_DznoCH3CuU;https://raw.githubusercontent.com/cooknation/pizzagroup/refs/heads/main/pizzagroup_image_SPFA.jpg;https://raw.githubusercontent.com/cooknation/pizzagroup/refs/heads/main/pizzagroup_image_2_SPFA.jpg;https://raw.githubusercontent.com/cooknation/pizzagroup/refs/heads/main/pizzagroup_image_3_SPFA.jpg;https://raw.githubusercontent.com/cooknation/pizzagroup/refs/heads/main/pizzagroup_datasheet_SPFA.pdf;https://raw.githubusercontent.com/cooknation/pizzagroup/refs/heads/main/pizzagroup_manual_SPFA.pdf;https://raw.githubusercontent.com/cooknation/pizzagroup/refs/heads/main/pizzagroup_technicalmanual_SPFA.pdf;https://raw.githubusercontent.com/cooknation/pizzagroup/refs/heads/main/pizzagroup_drawing_SPFA.pdf;https://raw.githubusercontent.com/cooknation/pizzagroup/refs/heads/main/pizzagroup_catalogue_SPFA.pdf;https://raw.githubusercontent.com/cooknation/pizzagroup/refs/heads/main/pizzagroup_photo_SPFA.jpg;https://raw.githubusercontent.com/cooknation/pizzagroup/refs/heads/main/pizzagroup_card_SPFA.pdf;https://raw.githubusercontent.com/cooknation/pizzagroup/refs/heads/main/pizzagroup_brandcatalogue.pdf;https://raw.githubusercontent.com/cooknation/pizzagroup/refs/heads/main/pizzagroup_price.pdf
CKNPGRSPSA;SPSA;PIZZAGROUP;Accessory - Stand - Rounder Portioning - stand;Stainless steel stand for SA300 / SA800;Dimensions 66x88x96 cm | Net weight 28 kg;66;cm;88;cm;96;cm;28;kg;883;;EUR;;;Preparation> Portioning and Rounding;Pizzagroup, Pizzeria, Pizza;;;;simple;;Dimensions;66x88x96 cm;Net weight;28 kg;;;;;;;;;active;https://raw.githubusercontent.com/cooknation/pizzagroup/refs/heads/main/pizzagroup_video_SPSA.mp4;https://raw.githubusercontent.com/cooknation/pizzagroup/refs/heads/main/pizzagroup_image_SPSA.jpg;https://raw.githubusercontent.com/cooknation/pizzagroup/refs/heads/main/pizzagroup_image_2_SPSA.jpg;https://raw.githubusercontent.com/cooknation/pizzagroup/refs/heads/main/pizzagroup_image_3_SPSA.jpg;https://raw.githubusercontent.com/cooknation/pizzagroup/refs/heads/main/pizzagroup_datasheet_SPSA.pdf;https://raw.githubusercontent.com/cooknation/pizzagroup/refs/heads/main/pizzagroup_manual_SPSA.pdf;https://raw.githubusercontent.com/cooknation/pizzagroup/refs/heads/main/pizzagroup_technicalmanual_SPSA.pdf;https://raw.githubusercontent.com/cooknation/pizzagroup/refs/heads/main/pizzagroup_drawing_SPSA.pdf;https://raw.githubusercontent.com/cooknation/pizzagroup/refs/heads/main/pizzagroup_catalogue_SPSA.pdf;https://raw.githubusercontent.com/cooknation/pizzagroup/refs/heads/main/pizzagroup_photo_SPSA.jpg;https://raw.githubusercontent.com/cooknation/pizzagroup/refs/heads/main/pizzagroup_card_SPSA.pdf;https://raw.githubusercontent.com/cooknation/pizzagroup/refs/heads/main/pizzagroup_brandcatalogue.pdf;https://raw.githubusercontent.com/cooknation/pizzagroup/refs/heads/main/pizzagroup_price.pdf
CKNPGRTN3845;TN3845;Pizza Group;Static Tunnel Oven;Conveyor static electric oven;Versatile, practical, easy to use and ultra-high performing. The static tunnel oven is the ideal tool for quickly serving food in space-limited settings where time is of the essence and speed is all but essential. With this equipment, simultaneously heating up several products will become a simple task, even for those with less experience.Static tunnel oven, compact size, dual thermostat, versatile for pizza, bakery, gastronomy;121;cm;66;cm;35;cm;41;kg;4596;;EUR;;;Cooking>Oven>Pizza;Pizzagroup, Pizzeria, Pizza, Oven;;;;simple;;Belt width;38 cm;Baking surface;38x45 cm;Chamber height;7.5 cm;Power;5.6 kW;Electrical supply;400V 3N+T 50Hz;;;active;https://raw.githubusercontent.com/cooknation/pizzagroup/refs/heads/main/pizzagroup_video_TN3845.mp4;https://raw.githubusercontent.com/cooknation/pizzagroup/refs/heads/main/pizzagroup_image_TN3845.jpg;https://raw.githubusercontent.com/cooknation/pizzagroup/refs/heads/main/pizzagroup_image_2_TN3845.jpg;https://raw.githubusercontent.com/cooknation/pizzagroup/refs/heads/main/pizzagroup_image_3_TN3845.jpg;https://raw.githubusercontent.com/cooknation/pizzagroup/refs/heads/main/pizzagroup_datasheet_TN3845.pdf;https://raw.githubusercontent.com/cooknation/pizzagroup/refs/heads/main/pizzagroup_manual_TN3845.pdf;https://raw.githubusercontent.com/cooknation/pizzagroup/refs/heads/main/pizzagroup_technicalmanual_TN3845.pdf;https://raw.githubusercontent.com/cooknation/pizzagroup/refs/heads/main/pizzagroup_drawing_TN3845.pdf;https://raw.githubusercontent.com/cooknation/pizzagroup/refs/heads/main/pizzagroup_catalogue_TN3845.pdf;https://raw.githubusercontent.com/cooknation/pizzagroup/refs/heads/main/pizzagroup_photo_TN3845.jpg;https://raw.githubusercontent.com/cooknation/pizzagroup/refs/heads/main/pizzagroup_card_TN3845.pdf;https://raw.githubusercontent.com/cooknation/pizzagroup/refs/heads/main/pizzagroup_brandcatalogue.pdf;https://raw.githubusercontent.com/cooknation/pizzagroup/refs/heads/main/pizzagroup_price.pdf
CKNPGRTNV40E;TNV40E;Pizza Group;Ventilated Tunnel Oven (Electric);Conveyor ventilated electric oven;The ventilated conveyor oven is the best choice for those seeking high productivity and multifunctionality. Reccommended for artisanal or semi-industrial workshops, chain restaurants, pizzerias and all other businesses where high productivity is a must. In addition to fresh or frozen pizzas, they are design to cook a wide variety of products, such as: paninis, bruschettas, wraps, grilled sandwiches, focaccias, brioches, cakes, lasagnes, fish, meat, grilled vegetables. Features Available in electric or gas version, with touch panel interface, allowing to set independent top and bottom operating  emperatures, saving personalized programs, choosing the belt direction and setting its speed to adjust the cooking time.Ventilated conveyor oven, electric version, touch panel, independent top/bottom temp control, stackable up to 3 units;134;cm;110;cm;48;cm;101;kg;10416;;EUR;;;Cooking>Oven>Pizza;Pizzagroup, Pizzeria, Pizza, Oven;;;;simple;;Belt width;40 cm;Baking surface;40x60 cm;Chamber height;8 cm;Power;7.4 kW;Electrical supply;400V 3N+T 50Hz;;;active;https://www.youtube.com/watch?v=Ua16jugJDhQ;https://raw.githubusercontent.com/cooknation/pizzagroup/refs/heads/main/pizzagroup_image_TNV40E.jpg;https://raw.githubusercontent.com/cooknation/pizzagroup/refs/heads/main/pizzagroup_image_2_TNV40E.jpg;https://raw.githubusercontent.com/cooknation/pizzagroup/refs/heads/main/pizzagroup_image_3_TNV40E.jpg;https://raw.githubusercontent.com/cooknation/pizzagroup/refs/heads/main/pizzagroup_datasheet_TNV40E.pdf;https://raw.githubusercontent.com/cooknation/pizzagroup/refs/heads/main/pizzagroup_manual_TNV40E.pdf;https://raw.githubusercontent.com/cooknation/pizzagroup/refs/heads/main/pizzagroup_technicalmanual_TNV40E.pdf;https://raw.githubusercontent.com/cooknation/pizzagroup/refs/heads/main/pizzagroup_drawing_TNV40E.pdf;https://raw.githubusercontent.com/cooknation/pizzagroup/refs/heads/main/pizzagroup_catalogue_TNV40E.pdf;https://raw.githubusercontent.com/cooknation/pizzagroup/refs/heads/main/pizzagroup_photo_TNV40E.jpg;https://raw.githubusercontent.com/cooknation/pizzagroup/refs/heads/main/pizzagroup_card_TNV40E.pdf;https://raw.githubusercontent.com/cooknation/pizzagroup/refs/heads/main/pizzagroup_brandcatalogue.pdf;https://raw.githubusercontent.com/cooknation/pizzagroup/refs/heads/main/pizzagroup_price.pdf
CKNPGRTNV40G;TNV40G;Pizza Group;Ventilated Tunnel Oven (Gas);Conveyor ventilated gas oven;The ventilated conveyor oven is the best choice for those seeking high productivity and multifunctionality. Reccommended for artisanal or semi-industrial workshops, chain restaurants, pizzerias and all other businesses where high productivity is a must. In addition to fresh or frozen pizzas, they are design to cook a wide variety of products, such as: paninis, bruschettas, wraps, grilled sandwiches, focaccias, brioches, cakes, lasagnes, fish, meat, grilled vegetables. Features Available in electric or gas version, with touch panel interface, allowing to set independent top and bottom operating  emperatures, saving personalized programs, choosing the belt direction and setting its speed to adjust the cooking time.Ventilated conveyor oven, gas version, independent top/bottom temp control, stackable up to 2 units;121;cm;66;cm;35;cm;104;kg;10783;;EUR;;;Cooking>Oven>Pizza;Pizzagroup, Pizzeria, Pizza, Oven;;;;simple;;Belt width;40 cm;Baking surface;40x60 cm;Chamber height;8 cm;Power;10.5 kW;;;;;active;https://www.youtube.com/watch?v=gtgzNWDQVbo;https://raw.githubusercontent.com/cooknation/pizzagroup/refs/heads/main/pizzagroup_image_TNV40G.jpg;https://raw.githubusercontent.com/cooknation/pizzagroup/refs/heads/main/pizzagroup_image_2_TNV40G.jpg;https://raw.githubusercontent.com/cooknation/pizzagroup/refs/heads/main/pizzagroup_image_3_TNV40G.jpg;https://raw.githubusercontent.com/cooknation/pizzagroup/refs/heads/main/pizzagroup_datasheet_TNV40G.pdf;https://raw.githubusercontent.com/cooknation/pizzagroup/refs/heads/main/pizzagroup_manual_TNV40G.pdf;https://raw.githubusercontent.com/cooknation/pizzagroup/refs/heads/main/pizzagroup_technicalmanual_TNV40G.pdf;https://raw.githubusercontent.com/cooknation/pizzagroup/refs/heads/main/pizzagroup_drawing_TNV40G.pdf;https://raw.githubusercontent.com/cooknation/pizzagroup/refs/heads/main/pizzagroup_catalogue_TNV40G.pdf;https://raw.githubusercontent.com/cooknation/pizzagroup/refs/heads/main/pizzagroup_photo_TNV40G.jpg;https://raw.githubusercontent.com/cooknation/pizzagroup/refs/heads/main/pizzagroup_card_TNV40G.pdf;https://raw.githubusercontent.com/cooknation/pizzagroup/refs/heads/main/pizzagroup_brandcatalogue.pdf;https://raw.githubusercontent.com/cooknation/pizzagroup/refs/heads/main/pizzagroup_price.pdf
CKNPGRTNV50E;TNV50E;Pizza Group;Ventilated Tunnel Oven (Electric);Conveyor ventilated electric oven;The ventilated conveyor oven is the best choice for those seeking high productivity and multifunctionality. Reccommended for artisanal or semi-industrial workshops, chain restaurants, pizzerias and all other businesses where high productivity is a must. In addition to fresh or frozen pizzas, they are design to cook a wide variety of products, such as: paninis, bruschettas, wraps, grilled sandwiches, focaccias, brioches, cakes, lasagnes, fish, meat, grilled vegetables. Features Available in electric or gas version, with touch panel interface, allowing to set independent top and bottom operating  emperatures, saving personalized programs, choosing the belt direction and setting its speed to adjust the cooking time.Ventilated conveyor oven, electric version, touch panel, independent top/bottom temp control, stackable up to 3 units;179;cm;121;cm;53;cm;164;kg;13364;;EUR;;;Cooking>Oven>Pizza;Pizzagroup, Pizzeria, Pizza, Oven;;;;simple;;Belt width;50 cm;Baking surface;50x85 cm;Chamber height;9 cm;Power;13.8 kW;Electrical supply;400V 3N+T 50Hz;;;active;https://www.youtube.com/watch?v=Ua16jugJDhQ;https://raw.githubusercontent.com/cooknation/pizzagroup/refs/heads/main/pizzagroup_image_TNV50E.jpg;https://raw.githubusercontent.com/cooknation/pizzagroup/refs/heads/main/pizzagroup_image_2_TNV50E.jpg;https://raw.githubusercontent.com/cooknation/pizzagroup/refs/heads/main/pizzagroup_image_3_TNV50E.jpg;https://raw.githubusercontent.com/cooknation/pizzagroup/refs/heads/main/pizzagroup_datasheet_TNV50E.pdf;https://raw.githubusercontent.com/cooknation/pizzagroup/refs/heads/main/pizzagroup_manual_TNV50E.pdf;https://raw.githubusercontent.com/cooknation/pizzagroup/refs/heads/main/pizzagroup_technicalmanual_TNV50E.pdf;https://raw.githubusercontent.com/cooknation/pizzagroup/refs/heads/main/pizzagroup_drawing_TNV50E.pdf;https://raw.githubusercontent.com/cooknation/pizzagroup/refs/heads/main/pizzagroup_catalogue_TNV50E.pdf;https://raw.githubusercontent.com/cooknation/pizzagroup/refs/heads/main/pizzagroup_photo_TNV50E.jpg;https://raw.githubusercontent.com/cooknation/pizzagroup/refs/heads/main/pizzagroup_card_TNV50E.pdf;https://raw.githubusercontent.com/cooknation/pizzagroup/refs/heads/main/pizzagroup_brandcatalogue.pdf;https://raw.githubusercontent.com/cooknation/pizzagroup/refs/heads/main/pizzagroup_price.pdf
CKNPGRTNV50G;TNV50G;Pizza Group;Ventilated Tunnel Oven (Gas);Conveyor ventilated gas oven;The ventilated conveyor oven is the best choice for those seeking high productivity and multifunctionality. Reccommended for artisanal or semi-industrial workshops, chain restaurants, pizzerias and all other businesses where high productivity is a must. In addition to fresh or frozen pizzas, they are design to cook a wide variety of products, such as: paninis, bruschettas, wraps, grilled sandwiches, focaccias, brioches, cakes, lasagnes, fish, meat, grilled vegetables. Features Available in electric or gas version, with touch panel interface, allowing to set independent top and bottom operating  emperatures, saving personalized programs, choosing the belt direction and setting its speed to adjust the cooking time.Ventilated conveyor oven, gas version, independent top/bottom temp control, stackable up to 2 units;134;cm;110;cm;48;cm;168;kg;14127;;EUR;;;Cooking>Oven>Pizza;Pizzagroup, Pizzeria, Pizza, Oven;;;;simple;;Belt width;50 cm;Baking surface;50x85 cm;Chamber height;9 cm;Power;20 kW;;;;;active;https://www.youtube.com/watch?v=gtgzNWDQVbo;https://raw.githubusercontent.com/cooknation/pizzagroup/refs/heads/main/pizzagroup_image_TNV50G.jpg;https://raw.githubusercontent.com/cooknation/pizzagroup/refs/heads/main/pizzagroup_image_2_TNV50G.jpg;https://raw.githubusercontent.com/cooknation/pizzagroup/refs/heads/main/pizzagroup_image_3_TNV50G.jpg;https://raw.githubusercontent.com/cooknation/pizzagroup/refs/heads/main/pizzagroup_datasheet_TNV50G.pdf;https://raw.githubusercontent.com/cooknation/pizzagroup/refs/heads/main/pizzagroup_manual_TNV50G.pdf;https://raw.githubusercontent.com/cooknation/pizzagroup/refs/heads/main/pizzagroup_technicalmanual_TNV50G.pdf;https://raw.githubusercontent.com/cooknation/pizzagroup/refs/heads/main/pizzagroup_drawing_TNV50G.pdf;https://raw.githubusercontent.com/cooknation/pizzagroup/refs/heads/main/pizzagroup_catalogue_TNV50G.pdf;https://raw.githubusercontent.com/cooknation/pizzagroup/refs/heads/main/pizzagroup_photo_TNV50G.jpg;https://raw.githubusercontent.com/cooknation/pizzagroup/refs/heads/main/pizzagroup_card_TNV50G.pdf;https://raw.githubusercontent.com/cooknation/pizzagroup/refs/heads/main/pizzagroup_brandcatalogue.pdf;https://raw.githubusercontent.com/cooknation/pizzagroup/refs/heads/main/pizzagroup_price.pdf
CKNPGRTNV65E;TNV65E;Pizza Group;Ventilated Tunnel Oven (Electric);Conveyor ventilated electric oven;The ventilated conveyor oven is the best choice for those seeking high productivity and multifunctionality. Reccommended for artisanal or semi-industrial workshops, chain restaurants, pizzerias and all other businesses where high productivity is a must. In addition to fresh or frozen pizzas, they are design to cook a wide variety of products, such as: paninis, bruschettas, wraps, grilled sandwiches, focaccias, brioches, cakes, lasagnes, fish, meat, grilled vegetables. Features Available in electric or gas version, with touch panel interface, allowing to set independent top and bottom operating  emperatures, saving personalized programs, choosing the belt direction and setting its speed to adjust the cooking time.Ventilated conveyor oven, electric version, touch panel, independent top/bottom temp control, stackable up to 3 units;200;cm;138;cm;59;cm;229;kg;15182;;EUR;;;Cooking>Oven>Pizza;Pizzagroup, Pizzeria, Pizza, Oven;;;;simple;;Belt width;65 cm;Baking surface;65x110 cm;Chamber height;9 cm;Power;18 kW;Electrical supply;400V 3N+T 50Hz;;;active;https://www.youtube.com/watch?v=Ua16jugJDhQ;https://raw.githubusercontent.com/cooknation/pizzagroup/refs/heads/main/pizzagroup_image_TNV65E.jpg;https://raw.githubusercontent.com/cooknation/pizzagroup/refs/heads/main/pizzagroup_image_2_TNV65E.jpg;https://raw.githubusercontent.com/cooknation/pizzagroup/refs/heads/main/pizzagroup_image_3_TNV65E.jpg;https://raw.githubusercontent.com/cooknation/pizzagroup/refs/heads/main/pizzagroup_datasheet_TNV65E.pdf;https://raw.githubusercontent.com/cooknation/pizzagroup/refs/heads/main/pizzagroup_manual_TNV65E.pdf;https://raw.githubusercontent.com/cooknation/pizzagroup/refs/heads/main/pizzagroup_technicalmanual_TNV65E.pdf;https://raw.githubusercontent.com/cooknation/pizzagroup/refs/heads/main/pizzagroup_drawing_TNV65E.pdf;https://raw.githubusercontent.com/cooknation/pizzagroup/refs/heads/main/pizzagroup_catalogue_TNV65E.pdf;https://raw.githubusercontent.com/cooknation/pizzagroup/refs/heads/main/pizzagroup_photo_TNV65E.jpg;https://raw.githubusercontent.com/cooknation/pizzagroup/refs/heads/main/pizzagroup_card_TNV65E.pdf;https://raw.githubusercontent.com/cooknation/pizzagroup/refs/heads/main/pizzagroup_brandcatalogue.pdf;https://raw.githubusercontent.com/cooknation/pizzagroup/refs/heads/main/pizzagroup_price.pdf
CKNPGRTNV65G;TNV65G;Pizza Group;Ventilated Tunnel Oven (Gas);Conveyor ventilated gas oven;The ventilated conveyor oven is the best choice for those seeking high productivity and multifunctionality. Reccommended for artisanal or semi-industrial workshops, chain restaurants, pizzerias and all other businesses where high productivity is a must. In addition to fresh or frozen pizzas, they are design to cook a wide variety of products, such as: paninis, bruschettas, wraps, grilled sandwiches, focaccias, brioches, cakes, lasagnes, fish, meat, grilled vegetables. Features Available in electric or gas version, with touch panel interface, allowing to set independent top and bottom operating  emperatures, saving personalized programs, choosing the belt direction and setting its speed to adjust the cooking time.Ventilated conveyor oven, gas version, independent top/bottom temp control, stackable up to 2 units;179;cm;121;cm;53;cm;264;kg;16916;;EUR;;;Cooking>Oven>Pizza;Pizzagroup, Pizzeria, Pizza, Oven;;;;simple;;Belt width;65 cm;Baking surface;65x110 cm;Chamber height;9 cm;Power;22 kW;;;;;active;https://www.youtube.com/watch?v=gtgzNWDQVbo;https://raw.githubusercontent.com/cooknation/pizzagroup/refs/heads/main/pizzagroup_image_TNV65G.jpg;https://raw.githubusercontent.com/cooknation/pizzagroup/refs/heads/main/pizzagroup_image_2_TNV65G.jpg;https://raw.githubusercontent.com/cooknation/pizzagroup/refs/heads/main/pizzagroup_image_3_TNV65G.jpg;https://raw.githubusercontent.com/cooknation/pizzagroup/refs/heads/main/pizzagroup_datasheet_TNV65G.pdf;https://raw.githubusercontent.com/cooknation/pizzagroup/refs/heads/main/pizzagroup_manual_TNV65G.pdf;https://raw.githubusercontent.com/cooknation/pizzagroup/refs/heads/main/pizzagroup_technicalmanual_TNV65G.pdf;https://raw.githubusercontent.com/cooknation/pizzagroup/refs/heads/main/pizzagroup_drawing_TNV65G.pdf;https://raw.githubusercontent.com/cooknation/pizzagroup/refs/heads/main/pizzagroup_catalogue_TNV65G.pdf;https://raw.githubusercontent.com/cooknation/pizzagroup/refs/heads/main/pizzagroup_photo_TNV65G.jpg;https://raw.githubusercontent.com/cooknation/pizzagroup/refs/heads/main/pizzagroup_card_TNV65G.pdf;https://raw.githubusercontent.com/cooknation/pizzagroup/refs/heads/main/pizzagroup_brandcatalogue.pdf;https://raw.githubusercontent.com/cooknation/pizzagroup/refs/heads/main/pizzagroup_price.pdf
CKNPGRTNV80E;TNV80E;Pizza Group;Ventilated Tunnel Oven (Electric);Conveyor ventilated electric oven;The ventilated conveyor oven is the best choice for those seeking high productivity and multifunctionality. Reccommended for artisanal or semi-industrial workshops, chain restaurants, pizzerias and all other businesses where high productivity is a must. In addition to fresh or frozen pizzas, they are design to cook a wide variety of products, such as: paninis, bruschettas, wraps, grilled sandwiches, focaccias, brioches, cakes, lasagnes, fish, meat, grilled vegetables. Features Available in electric or gas version, with touch panel interface, allowing to set independent top and bottom operating  emperatures, saving personalized programs, choosing the belt direction and setting its speed to adjust the cooking time.Ventilated conveyor oven, electric version, touch panel, independent top/bottom temp control, stackable up to 3 units;217;cm;158;cm;63;cm;351;kg;18603;;EUR;;;Cooking>Oven>Pizza;Pizzagroup, Pizzeria, Pizza, Oven;;;;simple;;Belt width;80 cm;Baking surface;80x120 cm;Chamber height;9 cm;Power;24 kW;Electrical supply;400V 3N+T 50Hz;;;active;https://www.youtube.com/watch?v=Ua16jugJDhQ;https://raw.githubusercontent.com/cooknation/pizzagroup/refs/heads/main/pizzagroup_image_TNV80E.jpg;https://raw.githubusercontent.com/cooknation/pizzagroup/refs/heads/main/pizzagroup_image_2_TNV80E.jpg;https://raw.githubusercontent.com/cooknation/pizzagroup/refs/heads/main/pizzagroup_image_3_TNV80E.jpg;https://raw.githubusercontent.com/cooknation/pizzagroup/refs/heads/main/pizzagroup_datasheet_TNV80E.pdf;https://raw.githubusercontent.com/cooknation/pizzagroup/refs/heads/main/pizzagroup_manual_TNV80E.pdf;https://raw.githubusercontent.com/cooknation/pizzagroup/refs/heads/main/pizzagroup_technicalmanual_TNV80E.pdf;https://raw.githubusercontent.com/cooknation/pizzagroup/refs/heads/main/pizzagroup_drawing_TNV80E.pdf;https://raw.githubusercontent.com/cooknation/pizzagroup/refs/heads/main/pizzagroup_catalogue_TNV80E.pdf;https://raw.githubusercontent.com/cooknation/pizzagroup/refs/heads/main/pizzagroup_photo_TNV80E.jpg;https://raw.githubusercontent.com/cooknation/pizzagroup/refs/heads/main/pizzagroup_card_TNV80E.pdf;https://raw.githubusercontent.com/cooknation/pizzagroup/refs/heads/main/pizzagroup_brandcatalogue.pdf;https://raw.githubusercontent.com/cooknation/pizzagroup/refs/heads/main/pizzagroup_price.pdf
CKNPGRWheels_set_entry;Wheels_set_entry;PIZZAGROUP;Accessory - Entry oven - Wheels set (2 with brake + 2 without);"4 wheels set; compatible stands/ovens Entry Max";Accessory: 4 wheels set (2 with brake + 2 without).;;cm;;cm;;cm;;kg;165.0;;EUR;;;Cooking>Oven>Pizza;Pizzagroup, Pizzeria, Pizza, Oven;;;;simple;;;;;;;;;;;;;;active;https://raw.githubusercontent.com/cooknation/pizzagroup/refs/heads/main/pizzagroup_video_Wheels_set_entry.mp4;https://raw.githubusercontent.com/cooknation/pizzagroup/refs/heads/main/pizzagroup_image_Wheels_set_entry.jpg;https://raw.githubusercontent.com/cooknation/pizzagroup/refs/heads/main/pizzagroup_image_2_Wheels_set_entry.jpg;https://raw.githubusercontent.com/cooknation/pizzagroup/refs/heads/main/pizzagroup_image_3_Wheels_set_entry.jpg;https://raw.githubusercontent.com/cooknation/pizzagroup/refs/heads/main/pizzagroup_datasheet_Wheels_set_entry.pdf;https://raw.githubusercontent.com/cooknation/pizzagroup/refs/heads/main/pizzagroup_manual_Wheels_set_entry.pdf;https://raw.githubusercontent.com/cooknation/pizzagroup/refs/heads/main/pizzagroup_technicalmanual_Wheels_set_entry.pdf;https://raw.githubusercontent.com/cooknation/pizzagroup/refs/heads/main/pizzagroup_drawing_Wheels_set_entry.pdf;https://raw.githubusercontent.com/cooknation/pizzagroup/refs/heads/main/pizzagroup_catalogue_Wheels_set_entry.pdf;https://raw.githubusercontent.com/cooknation/pizzagroup/refs/heads/main/pizzagroup_photo_Wheels_set_entry.jpg;https://raw.githubusercontent.com/cooknation/pizzagroup/refs/heads/main/pizzagroup_card_Wheels_set_entry.pdf;https://raw.githubusercontent.com/cooknation/pizzagroup/refs/heads/main/pizzagroup_brandcatalogue.pdf;https://raw.githubusercontent.com/cooknation/pizzagroup/refs/heads/main/pizzagroup_price.pdf
CKNPGRWheels_set_flame;Wheels_set_flame;PIZZAGROUP;Accessory - Flame oven - Wheels ;Set of 4 wheels (2 with brake + 2 without).;Set of 4 wheels (2 with brake + 2 without).;;;;;;;;;165.0;;EUR;;;Cooking>Oven>Pizza;Pizzagroup, Pizzeria, Pizza, Oven;;;;simple;;;;;;;;;;;;;;active;https://raw.githubusercontent.com/cooknation/pizzagroup/refs/heads/main/pizzagroup_video_Wheels_set_flame.mp4;https://raw.githubusercontent.com/cooknation/pizzagroup/refs/heads/main/pizzagroup_image_Wheels_set_flame.jpg;https://raw.githubusercontent.com/cooknation/pizzagroup/refs/heads/main/pizzagroup_image_2_Wheels_set_flame.jpg;https://raw.githubusercontent.com/cooknation/pizzagroup/refs/heads/main/pizzagroup_image_3_Wheels_set_flame.jpg;https://raw.githubusercontent.com/cooknation/pizzagroup/refs/heads/main/pizzagroup_datasheet_Wheels_set_flame.pdf;https://raw.githubusercontent.com/cooknation/pizzagroup/refs/heads/main/pizzagroup_manual_Wheels_set_flame.pdf;https://raw.githubusercontent.com/cooknation/pizzagroup/refs/heads/main/pizzagroup_technicalmanual_Wheels_set_flame.pdf;https://raw.githubusercontent.com/cooknation/pizzagroup/refs/heads/main/pizzagroup_drawing_Wheels_set_flame.pdf;https://raw.githubusercontent.com/cooknation/pizzagroup/refs/heads/main/pizzagroup_catalogue_Wheels_set_flame.pdf;https://raw.githubusercontent.com/cooknation/pizzagroup/refs/heads/main/pizzagroup_photo_Wheels_set_flame.jpg;https://raw.githubusercontent.com/cooknation/pizzagroup/refs/heads/main/pizzagroup_card_Wheels_set_flame.pdf;https://raw.githubusercontent.com/cooknation/pizzagroup/refs/heads/main/pizzagroup_brandcatalogue.pdf;https://raw.githubusercontent.com/cooknation/pizzagroup/refs/heads/main/pizzagroup_price.pdf
CKNPGRWheels_set_mixer;Wheels_set_mixer;PIZZAGROUP;Accessory - Mixer - wheels set;Wheels: 2 with brake + 2 without brake;Compatible with spiral mixers (see models);;;;;;;;;161;;EUR;;;Preparation> Mixers > Spiral mixers;Pizzagroup, Pizzeria, Pizza, Mixer;;;;simple;;;;;;;;;;;;;;active;https://raw.githubusercontent.com/cooknation/pizzagroup/refs/heads/main/pizzagroup_video_Wheels_set_mixer.mp4;https://raw.githubusercontent.com/cooknation/pizzagroup/refs/heads/main/pizzagroup_image_Wheels_set_mixer.jpg;https://raw.githubusercontent.com/cooknation/pizzagroup/refs/heads/main/pizzagroup_image_2_Wheels_set_mixer.jpg;https://raw.githubusercontent.com/cooknation/pizzagroup/refs/heads/main/pizzagroup_image_3_Wheels_set_mixer.jpg;https://raw.githubusercontent.com/cooknation/pizzagroup/refs/heads/main/pizzagroup_datasheet_Wheels_set_mixer.pdf;https://raw.githubusercontent.com/cooknation/pizzagroup/refs/heads/main/pizzagroup_manual_Wheels_set_mixer.pdf;https://raw.githubusercontent.com/cooknation/pizzagroup/refs/heads/main/pizzagroup_technicalmanual_Wheels_set_mixer.pdf;https://raw.githubusercontent.com/cooknation/pizzagroup/refs/heads/main/pizzagroup_drawing_Wheels_set_mixer.pdf;https://raw.githubusercontent.com/cooknation/pizzagroup/refs/heads/main/pizzagroup_catalogue_Wheels_set_mixer.pdf;https://raw.githubusercontent.com/cooknation/pizzagroup/refs/heads/main/pizzagroup_photo_Wheels_set_mixer.jpg;https://raw.githubusercontent.com/cooknation/pizzagroup/refs/heads/main/pizzagroup_card_Wheels_set_mixer.pdf;https://raw.githubusercontent.com/cooknation/pizzagroup/refs/heads/main/pizzagroup_brandcatalogue.pdf;https://raw.githubusercontent.com/cooknation/pizzagroup/refs/heads/main/pizzagroup_price.pdf
CKNPGRWheels_set_press;Wheels_set_press;PIZZAGROUP;Accessory - press - wheels set ;4 wheels set (2 with brake + 2 without);Accessory kit compatible with pizza press stand;;;;;;;;;161;;EUR;;;Preparation> Press and Shaping;Pizzagroup, Pizzeria, Pizza;;;;simple;;;;;;;;;;;;;;active;https://raw.githubusercontent.com/cooknation/pizzagroup/refs/heads/main/pizzagroup_video_Wheels_set_press.mp4;https://raw.githubusercontent.com/cooknation/pizzagroup/refs/heads/main/pizzagroup_image_Wheels_set_press.jpg;https://raw.githubusercontent.com/cooknation/pizzagroup/refs/heads/main/pizzagroup_image_2_Wheels_set_press.jpg;https://raw.githubusercontent.com/cooknation/pizzagroup/refs/heads/main/pizzagroup_image_3_Wheels_set_press.jpg;https://raw.githubusercontent.com/cooknation/pizzagroup/refs/heads/main/pizzagroup_datasheet_Wheels_set_press.pdf;https://raw.githubusercontent.com/cooknation/pizzagroup/refs/heads/main/pizzagroup_manual_Wheels_set_press.pdf;https://raw.githubusercontent.com/cooknation/pizzagroup/refs/heads/main/pizzagroup_technicalmanual_Wheels_set_press.pdf;https://raw.githubusercontent.com/cooknation/pizzagroup/refs/heads/main/pizzagroup_drawing_Wheels_set_press.pdf;https://raw.githubusercontent.com/cooknation/pizzagroup/refs/heads/main/pizzagroup_catalogue_Wheels_set_press.pdf;https://raw.githubusercontent.com/cooknation/pizzagroup/refs/heads/main/pizzagroup_photo_Wheels_set_press.jpg;https://raw.githubusercontent.com/cooknation/pizzagroup/refs/heads/main/pizzagroup_card_Wheels_set_press.pdf;https://raw.githubusercontent.com/cooknation/pizzagroup/refs/heads/main/pizzagroup_brandcatalogue.pdf;https://raw.githubusercontent.com/cooknation/pizzagroup/refs/heads/main/pizzagroup_price.pdf
CKNPGRwheels_set_pyralis;wheels_set_pyralis;PIZZAGROUP;Accessory - Pyralis oven - Wheels kit;Set of 4 swiveling wheels (2 with brake + 2 without).;Set of 4 swiveling wheels (2 with brake + 2 without).;;;;;;;;;165.0;;EUR;;;Cooking>Oven>Pizza;Pizzagroup, Pizzeria, Pizza, Oven;;;;simple;;;;;;;;;;;;;;active;https://www.youtube.com/watch?v=Du_vDF5oEqI;https://raw.githubusercontent.com/cooknation/pizzagroup/refs/heads/main/pizzagroup_image_wheels_set_pyralis.jpg;https://raw.githubusercontent.com/cooknation/pizzagroup/refs/heads/main/pizzagroup_image_2_wheels_set_pyralis.jpg;https://raw.githubusercontent.com/cooknation/pizzagroup/refs/heads/main/pizzagroup_image_3_wheels_set_pyralis.jpg;https://raw.githubusercontent.com/cooknation/pizzagroup/refs/heads/main/pizzagroup_datasheet_wheels_set_pyralis.pdf;https://raw.githubusercontent.com/cooknation/pizzagroup/refs/heads/main/pizzagroup_manual_wheels_set_pyralis.pdf;https://raw.githubusercontent.com/cooknation/pizzagroup/refs/heads/main/pizzagroup_technicalmanual_wheels_set_pyralis.pdf;https://raw.githubusercontent.com/cooknation/pizzagroup/refs/heads/main/pizzagroup_drawing_wheels_set_pyralis.pdf;https://raw.githubusercontent.com/cooknation/pizzagroup/refs/heads/main/pizzagroup_catalogue_wheels_set_pyralis.pdf;https://raw.githubusercontent.com/cooknation/pizzagroup/refs/heads/main/pizzagroup_photo_wheels_set_pyralis.jpg;https://raw.githubusercontent.com/cooknation/pizzagroup/refs/heads/main/pizzagroup_card_wheels_set_pyralis.pdf;https://raw.githubusercontent.com/cooknation/pizzagroup/refs/heads/main/pizzagroup_brandcatalogue.pdf;https://raw.githubusercontent.com/cooknation/pizzagroup/refs/heads/main/pizzagroup_price.pdf